Nom,Couleurs,CMC,Type,Sous-types,Rôle principal,Combat stats,Synergie mécaniques,Archétypes,Types de terrain
cérébrocenseur avemain,W,3,Creature,Bird Cleric,evasion,flying,tribal,tempo,
thalia gardienne de thraben,W,2,Creature,Human Soldier,hate,first-strike,taxe tribal,aggro,
lande fétide,WB,0,Land,Swamp Plains,fixing,,,control,dual
barquero de marea hueca,WB,2,Creature,Spirit,discard,flying,graveyard,control,
esprit dévoué,W,2,Creature,Spirit,evasion,flying,tribal,tempo,
frontière tectonique,C,0,Land,,utility,,,control,utility
aether vial,C,1,Artifact,,enabler,,,tribal aggro,
voloscille,W,3,Creature,Bird Soldier,evasion,flying,tribal,aggro,
kitesail freebooter,B,2,Creature,Human Pirate,discard,flying,tribal graveyard,tempo,
quartier fantome,C,0,Land,,utility,,,control,utility
concealed courtyard,WB,0,Land,,fixing,,,control,fast
Inspectrice de Thraben,W,1,Creature,Human Soldier,draw,,,tempo,
thalia cathare hérétique,W,3,Creature,Human Soldier,hate,first-strike,taxe tribal,aggro,
path to exile,W,1,Instant,,removal,,,control,
épisseuse de lames,W,3,Creature,Human Artificer,token,,,midrange,
leonin arbiter,W,2,Creature,Cat Cleric,hate,,taxe tribal,aggro,
wasteland strangler,B,3,Creature,Eldrazi,removal,,graveyard,midrange,
deadeye tracker,B,1,Creature,Human Pirate,graveyard,,tribal,control,
ange de la restauration,W,4,Creature,Angel,finisher,flying,graveyard,control,
druidesse dévouée,G,2,Creature,Elf Druid,ramp,,tribal,ramp,
shaman de la faune,G,2,Creature,Elf Shaman,tutor,,tribal graveyard,combo,
necrotic ooze,B,4,Creature,Ooze,payoff,,graveyard,combo,
inquisition de kozilek,B,1,Sorcery,,discard,,graveyard,control,
approvisionneuse du raccomodeur,B,1,Creature,Human Rogue,enabler,,graveyard,control,
marécage bourgeonnant,BG,0,Land,Swamp Forest,fixing,,,ramp,dual
brutalité collective,B,2,Sorcery,,removal,,discard,control,
catacombes verdoyantes,BG,0,Land,Swamp Forest,fixing,,,control,fetch
eternal witness,G,3,Creature,Human Shaman,payoff,,graveyard etb,midrange,
tombeau luxuriant,BG,0,Land,Swamp Forest,fixing,,,control,shock
walking ballista,C,0,Artifact Creature,Construct,versatile,,counters,midrange,
fantogre sinistre,C,6,Artifact Creature,Construct,finisher,,graveyard,ramp,
thornling,G,5,Creature,Elemental Shapeshifter,finisher,,versatile,ramp,
troll de lotleth,BG,2,Creature,Zombie Troll,enabler,,graveyard counters,midrange,
évolution hermétique,G,3,Sorcery,,tutor,,graveyard,combo,
lutter contre le passé,G,2,Instant,,hate,,graveyard,control,
horrible récupération,BG,2,Instant,,enabler,,graveyard,control,
fondrière crépusculaire,BG,0,Land,,fixing,,,control,dual
woodland cemetery,BG,0,Land,Swamp Forest,fixing,,,control,check
tasigur le croc doré,UBG,1,Creature,Human Shaman,payoff,,graveyard delve,control,
chasseur de gros gibier,B,3,Creature,Human Warrior,enabler,,madness graveyard,aggro,
limon nécrophage,G,2,Creature,Ooze,payoff,,graveyard,midrange,
razaketh the foolblooded,B,8,Creature,Demon,finisher,flying trample,sacrifice tutor,combo,
cavern of souls,C,0,Land,,utility,,,tribal,utility
snapcaster mage,U,2,Creature,Human Wizard,payoff,flash,graveyard etb,control,
opt,U,1,Instant,,cantrip,,draw,control,
thought scour,U,1,Instant,,cantrip,,graveyard draw,control,
death's shadow,B,1,Creature,Avatar,,graveyard,aggro,
bloodstained mire,BR,0,Land,Swamp Mountain,fixing,,,aggro,fetch
spell pierce,U,1,Instant,,counter,,tempo,control,
fatal push,B,1,Instant,,removal,,,control,
lightning bolt,R,1,Instant,,removal,,burn,aggro,
déni obstiné,U,1,Instant,,counter,,,control,
thoughtseize,B,1,Sorcery,,discard,,,control,
estuaire pollué,UB,0,Land,Island Swamp,fixing,,,control,fetch
steam vents,UR,0,Land,Island Mountain,fixing,,,control,shock
ambition gloire,BR,3,Sorcery,,versatile,,graveyard,midrange,
abrade,R,2,Instant,,versatile,,artifact-hate,aggro,
baudroie de gurmag,B,7,Creature,Zombie Fish,finisher,,graveyard delve,control,
street wraith,B,3,Creature,Wraith,cantrip,,graveyard draw,combo,
arid mesa,WR,0,Land,Mountain Plains,fixing,,,aggro,fetch
terminate,BR,2,Instant,,removal,,,control,
watery grave,UB,0,Land,Island Swamp,fixing,,,control,shock
blood crypt,BR,0,Land,Swamp Mountain,fixing,,,aggro,shock
rage de bataille temurienne,R,2,Instant,,trick,,pump,aggro,
terramorphic expanse,C,0,Land,,fixing,,,ramp,fetch
voir plus loin,U,2,Sorcery,,cantrip,,draw,control,
chenal en fusion,UR,0,Land,,fixing,,,control,fast
pacte de tuerie,B,0,Instant,,removal,,,combo,
marécage géothermique,BR,0,Land,,fixing,,,aggro,tapped
anger of the gods,R,3,Sorcery,,wipe,,graveyard,control,
cancel,U,3,Instant,,counter,,,control,
dispersement,U,1,Instant,,counter,,,control,
à la recherche d'azcanta,U,2,Enchantment,,draw,,graveyard transform,control,
nicol bolas god-pharaoh,UBR,7,Planeswalker,Bolas,finisher,,versatile,control,
liliana dernier espoir,B,3,Planeswalker,Liliana,versatile,,graveyard sacrifice,midrange,
impulsion,U,2,Instant,,cantrip,,draw,control,
damnation,B,4,Sorcery,,wipe,,,control,
spirebluff canal,UR,0,Land,,fixing,,,control,fast
gobelins sciaphiles,R,5,Creature,Goblin Shaman,payoff,,graveyard tribal,combo,
commandement de kolaghan,BR,3,Instant,,versatile,,graveyard burn,midrange,
abrogation,U,1,Instant,,bounce,,,tempo,
vision nées du sérum,U,1,Sorcery,,cantrip,,draw,control,
dismember,B,3,Instant,,removal,,,control,
liliana of the veil,B,3,Planeswalker,Liliana,versatile,,discard sacrifice,midrange,
cascade bluffs,UR,0,Land,,fixing,,,control,filter
sommet du cranedragon,BR,0,Land,,fixing,,,aggro,filter
fosse à goudron rampante,UB,0,Land,,fixing,,,control,manland
pisteur des tombes,B,2,Creature,Zombie Scout,finisher,flying,graveyard,aggro,
rivage de nappenoire,UB,0,Land,,fixing,,,control,fast
sunken ruins,UB,0,Land,,fixing,,,control,filter
traqueuse infatigable,G,3,Creature,Elf Scout,ramp,,landfall,ramp,
ajani goldmane,W,4,Planeswalker,Ajani,versatile,,tokens counters,midrange,
nissa voix de zendikar,G,3,Planeswalker,Nissa,versatile,,tokens counters,midrange,
harmonisation,G,4,Sorcery,,draw,,,ramp,
fumerolles tituantes,UR,0,Land,,fixing,,,control,manland
pulsation du maelstrom,BG,3,Sorcery,,removal,,graveyard,control,
contreforts boisés,GW,0,Land,Forest Plains,fixing,,,ramp,fetch
âmes persistantes,WB,3,Sorcery,,payoff,,tokens graveyard,midrange,
comté de gavonie,C,0,Land,,utility,,,tribal,utility
décomposition abrupte,BG,2,Instant,,removal,,,control,
avacyn's pilgrim,G,1,Creature,Human Monk,ramp,,tribal,ramp,
lande venteuse,GW,0,Land,Forest Plains,fixing,,,midrange,fetch
sunpetal grove,GW,0,Land,Forest Plains,fixing,,,midrange,check
birds of paradise,G,1,Creature,Bird,ramp,flying,fixing,ramp,
kitchen finks,GW,3,Creature,Ouphe,versatile,lifelink,graveyard counters,midrange,
temple garden,GW,0,Land,Forest Plains,fixing,,,midrange,shock
razorverge thicket,GW,0,Land,,fixing,,,midrange,fast
plaines marécageuses,WB,0,Land,Plains Swamp,fixing,,,control,fetch
anafenza la primordiale,WBG,3,Creature,Human Soldier,hate,,tribal counters,midrange,
wilt-leaf liege,GW,4,Creature,Elf Knight,lord,,tribal counters,midrange,
lifecrafter's bestiary,C,3,Artifact,,draw,,tribal,midrange,
elfe de l'ombre profonde,G,1,Creature,Elf Druid,ramp,,tribal,ramp,
urborg tombe de yaugzebul,C,0,Land,,utility,,,control,utility
reliquaire impie,WB,0,Land,,fixing,,,control,tapped
bois sauvage en éveil,GW,0,Land,,fixing,,,midrange,manland
ramunap excavator,G,3,Creature,Naga Cleric,payoff,,graveyard landfall,midrange,
écailles renforcées,G,1,Enchantment,Aura,protection,,hexproof counters,voltron,
sword of war and peace,C,3,Artifact,Equipment,finisher,,protection,midrange,
sram's expertise,W,4,Sorcery,,token,,artifact,midrange,
morguesort,C,2,Artifact Creature,Scarecrow,enabler,,artifact,control,
etched champion,C,3,Artifact Creature,Soldier,finisher,protection,artifact,aggro,
grand architecte,U,3,Creature,Vedalken Artificer,enabler,,artifact,combo,
sigarda's aid,W,1,Enchantment,,enabler,,equipment,aggro,
pili-pala,C,2,Artifact Creature,Scarecrow,combo,,artifact,combo,
expertise de baral,U,5,Sorcery,,versatile,,spells,control,
blâme metallique,U,3,Instant,,counter,,artifact,control,
épée d'eau et de feu,C,3,Artifact,Equipment,finisher,,protection,midrange,
etherium sculptor,U,2,Artifact Creature,Vedalken Artificer,enabler,,artifact,combo,
clique vendilion,U,3,Creature,Faerie Wizard,versatile,flash flying,tribal tempo,control,
épée des tenebres et de la lumière,C,3,Artifact,Equipment,finisher,,protection,midrange,
evolving wilds,C,0,Land,,fixing,,,ramp,fetch
trophy mage,U,3,Creature,Human Wizard,tutor,,artifact,combo,
lance solaire,W,1,Sorcery,,removal,,,control,
tezzeret le chercheur,U,5,Planeswalker,Tezzeret,versatile,,artifact,control,
inspecteur de la fonderie,C,3,Artifact Creature,Construct,draw,,artifact etb,midrange,
prédestination,U,1,Instant,,cantrip,,draw,control,
fuite de mana,U,2,Instant,,counter,,tempo,control,
disallow,U,3,Instant,,counter,,,control,
mur d'augures,W,2,Creature,Wall,cantrip,,draw,control,
jour de condamnation,W,4,Sorcery,,wipe,,,control,
hieroglyphic illumination,U,4,Instant,,draw,,cycling,control,
noeud logique,U,2,Instant,,counter,,,control,
contresort,U,2,Instant,,counter,,,control,
elspeth sun's champion,W,6,Planeswalker,Elspeth,finisher,,tokens,control,
calice toujours ruisselant,C,2,Artifact,,ramp,,,ramp,
grève inondée,UW,0,Land,Plains Island,fixing,,,control,fetch
torrential gearhulk,U,6,Artifact Creature,Construct,payoff,flash,graveyard etb,control,
magus of the future,U,5,Creature,Human Wizard,draw,,,combo,
réfléchir à deux fois,U,2,Instant,,cantrip,,draw,control,
hallowed fountain,UW,0,Land,Plains Island,fixing,,,control,shock
guile,U,6,Creature,Elemental Incarnation,versatile,,spells,control,
cryptic command,U,4,Instant,,versatile,,counter,control,
field of ruin,C,0,Land,,utility,,,control,utility
recherche compulsive,U,3,Sorcery,,draw,,,control,
colonnade celeste,UW,0,Land,,fixing,,,control,manland
faveur de la fortune,U,4,Instant,,draw,,,control,
révélation du sphinx,WU,3,Instant,,draw,,,control,
wrath of god,W,4,Sorcery,,wipe,,,control,
rivière sinueuse,UW,0,Land,,fixing,,,control,tapped
dovin baan,WU,4,Planeswalker,Dovin,versatile,,artifact control,control,
meneur de guerre de joraga,G,1,Creature,Elf Warrior,lord,,tribal,aggro,
élite de dwynen,G,2,Creature,Elf Warrior,lord,,tribal,aggro,
compagnie rassemblée,G,4,Instant,,tutor,,tribal,combo,
elfe de la charmille,G,1,Creature,Elf Druid,ramp,,tribal,ramp,
metallic mimic,C,2,Artifact Creature,Shapeshifter,lord,,tribal counters,aggro,
ezuri chef renegat,G,3,Creature,Elf Warrior,lord,,tribal counters,aggro,
elfe de llanowar,G,1,Creature,Elf Druid,ramp,,tribal,ramp,
parfaite impérieuse,G,3,Creature,Elf Warrior,lord,,tribal,aggro,
archidruide elfe,G,3,Creature,Elf Druid,enabler,,tribal,combo,
elvish harbinger,G,3,Creature,Elf Druid,tutor,,tribal,combo,
elvish mystic,G,1,Creature,Elf Druid,ramp,,tribal,ramp,
visionnaire elfe,G,1,Creature,Elf Shaman,cantrip,,tribal draw,tempo,
lead the stampede,G,3,Sorcery,,draw,,tribal,midrange,
slivoïde grinçant,U,1,Creature,Sliver,enabler,,graveyard tribal,control,
mandrills hurleurs,G,5,Creature,Ape,finisher,trample,graveyard delve,aggro,
vapor snag,U,1,Instant,,bounce,,,tempo,
rassemblement de la meute,G,2,Sorcery,,enabler,,graveyard,control,
bassin d'élevage,GU,0,Land,Forest Island,fixing,,,control,dual
expert en catharsis,U,1,Creature,Human Wizard,enabler,,graveyard,control,
hedron crab,U,1,Creature,Crab,enabler,,graveyard landfall,control,
visions de l'au-delà,U,4,Instant,,draw,,graveyard,control,
vengeliane,G,0,Creature,Dryad,enabler,,graveyard,combo,
doppelganger renégat,U,2,Creature,Shapeshifter,versatile,,etb,midrange,
écumage de grimoire,U,1,Sorcery,,enabler,,graveyard,control,
raven's crime,B,1,Sorcery,,discard,,graveyard,control,
caresse de liliana,B,2,Sorcery,,discard,,,control,
cruauté de tasigur,B,1,Sorcery,,discard,,graveyard,control,
nyxathid,B,3,Creature,Elemental,payoff,,discard,aggro,
chevalier de torture,C,1,Artifact,,discard,,,control,
rien n'est jamais gâché,B,2,Enchantment,,payoff,,discard graveyard,control,
shrieking affliction,B,1,Enchantment,,payoff,,discard,control,
duress,B,1,Sorcery,,discard,,,control,
augure des crânes,B,1,Sorcery,,discard,,graveyard,control,
verdict de geth,B,2,Sorcery,,discard,,,control,
torsion de l'esprit,B,2,Sorcery,,discard,,,control,
stupor,B,3,Sorcery,,discard,,,control,
charme funéraire,B,1,Instant,,versatile,,graveyard,control,
variole,B,2,Sorcery,,discard,,,control,
bontu's last reckoning,B,3,Sorcery,,wipe,,,control,
dragon fodder,R,2,Sorcery,,token,,sacrifice,aggro,
réclamation sage,G,3,Creature,Elf Shaman,removal,,graveyard etb,midrange,
salve obscure,B,1,Instant,,removal,,,control,
diablotin de diplotaxis,B,3,Creature,Imp,evasion,flying,discard,tempo,
boucher de la horde,BR,4,Creature,Human Warrior,finisher,flying,sacrifice,aggro,
margouillis du marennois,C,0,Land,,fixing,,,control,tapped
misérable scoriacé enfumé,B,5,Creature,Elemental,finisher,,discard graveyard,midrange,
sphinx des auspices,U,5,Creature,Sphinx,finisher,flying,draw,control,
temple of malady,BG,0,Land,,fixing,,,control,tapped
automate abruti,C,4,Artifact Creature,Construct,versatile,,artifact,midrange,
constricteur de potence,G,2,Creature,Snake,enabler,,counters sacrifice,midrange,
guidevoie satyre,G,2,Creature,Satyr,enabler,,graveyard etb,midrange,
vampire hexmage,B,2,Creature,Vampire Shaman,removal,first-strike,counters tribal,control,
mannequin improvisé,B,4,Instant,,payoff,,graveyard,reanimator,
griselbrand,B,8,Creature,Demon,finisher,flying lifelink,draw,reanimator,
dépression de jungle,BG,0,Land,,fixing,,,control,tapped
foul orchard,BG,0,Land,,fixing,,,control,tapped
dryad arbor,G,0,Land Creature,Forest Dryad,utility,,graveyard,ramp,land-creature
épix nourricier,G,3,Creature,Fungus,ramp,,counters,ramp,
borborygmos enraged,RG,8,Creature,Cyclops,finisher,trample,landfall discard,combo,
messager de bomat,C,1,Artifact Creature,Construct,draw,,aggro,aggro,
tempérament fougueux,R,3,Instant,,removal,,,control,
searing blaze,R,2,Instant,,removal,,burn landfall,aggro,
lava spike,R,1,Sorcery,,burn,,,aggro,
thermo-alchimiste,R,2,Creature,Human Shaman,enabler,,spells burn,aggro,
mage scarifiâme,R,1,Creature,Human Wizard,enabler,,spells burn,aggro,
incinerate,R,2,Instant,,removal,,burn,aggro,
monastery swiftspear,R,1,Creature,Human Monk,enabler,haste,spells prowess,aggro,
zurgo le sonneur,R,2,Creature,Orc Warrior,finisher,haste,aggro,aggro,
kari zev skyship raider,R,2,Creature,Human Pirate,versatile,first-strike menace,token tribal,aggro,
the flame of keld,R,3,Enchantment,Saga,draw,,discard burn,aggro,
rift bolt,R,3,Sorcery,,removal,,burn,aggro,
entaille meurtrière,B,1,Instant,,removal,,,control,
kari zev's expertise,R,3,Sorcery,,versatile,,sacrifice,aggro,
desert cerodon,R,5,Creature,Beast,finisher,,cycling,aggro,
bouffée de violence,RG,3,Instant,,pump,,pump,aggro,
archfiend of ifnir,B,5,Creature,Demon,payoff,flying,cycling discard,control,
chevaucheurs d'avalanches,R,4,Creature,Human Berserker,finisher,haste,landfall,aggro,
bondisseur ignescent,BR,5,Creature,Elemental,finisher,,cycling,aggro,
minotaure au coup mortel,RG,5,Creature,Minotaur Warrior,finisher,,cycling,aggro,
fin vivante,B,3,Sorcery,,payoff,,graveyard,reanimator,
architectes de la volonté,UB,4,Creature,Human Wizard,enabler,,graveyard cycling,reanimator,
effroi démoniaque,BR,3,Sorcery,,removal,,discard,control,
canyon slough,BR,0,Land,Swamp Mountain,fixing,,,aggro,cycling-dual
fulminator mage,BR,3,Creature,Elemental Shaman,hate,,land-destruction sacrifice,control,
monstrous carabid,BR,5,Creature,Insect,finisher,,cycling,aggro,
ingot chewer,R,5,Creature,Elemental,removal,,artifact cycling,aggro,
horror of the broken lands,B,5,Creature,Horror,finisher,,cycling,control,
tisseur de jungle,G,5,Creature,Elemental,finisher,,cycling,ramp,
rannet des vallées,RG,5,Creature,Snake,finisher,,cycling,aggro,
forêt de karpluse,RG,0,Land,Forest Mountain,fixing,,,aggro,tapped
brion stoutarm,RW,4,Creature,Giant Warrior,payoff,lifelink,sacrifice,midrange,
desolation giant,R,4,Creature,Giant,wipe,,cycling,control,
pyroclasm,R,2,Sorcery,,wipe,,,control,
austere command,W,6,Sorcery,,wipe,,,control,
changenuage,W,1,Instant,,protection,,,tempo,
mutecaveau,C,0,Land,,fixing,,,control,manland
oblivion ring,W,3,Enchantment,,removal,,,control,
fonderie sacrée,RW,0,Land,,fixing,,,aggro,dual
caravane de cultivateur,C,3,Artifact,,ramp,,,ramp,
giant harbinger,R,5,Creature,Giant Warrior,tutor,,tribal,combo,
mégalithes keldes,C,0,Land,,utility,,,tribal,utility
temple du triomphe,RW,0,Land,,fixing,,,aggro,tapped
sweltering suns,R,3,Sorcery,,wipe,,cycling,control,
enchainé aux rochers,W,1,Enchantment,Aura,removal,,,control,
mind stone,C,2,Artifact,,ramp,,draw,ramp,
clifftop retreat,RW,0,Land,Mountain Plains,fixing,,,aggro,check
pacte du titan,R,0,Instant,,finisher,,,combo,
jötun grunt,W,2,Creature,Giant Soldier,hate,,graveyard tribal,control,
thundercloud shaman,R,5,Creature,Giant Shaman,wipe,,tribal,control,
fondrière hantée,BG,0,Land,,fixing,,,control,tapped
envahisseur de nid,G,2,Creature,Eldrazi Drone,ramp,,sacrifice,ramp,
pia and kiran nalaar,R,4,Creature,Human Artificer,versatile,,artifact token,midrange,
balafre de flammes,R,1,Sorcery,,removal,,burn,aggro,
bond de l'évolution,G,2,Enchantment,,tutor,,creature,combo,
ob nixilis l'adversaire,BR,3,Planeswalker,Nixilis,versatile,,sacrifice draw,midrange,
terrain de prédilection,RG,0,Land,,fixing,,,aggro,tapped
mortician beetle,B,1,Creature,Insect,payoff,,sacrifice counters,aggro,
artiste de sang,B,2,Creature,Vampire,payoff,,sacrifice,midrange,
cairns sculptés,C,0,Land,,enabler,,sacrifice,midrange,utility
rootbound crag,RG,0,Land,Mountain Forest,fixing,,,aggro,check
thrinax de la brêche,BRG,3,Creature,Lizard,payoff,,sacrifice token,midrange,
vampire du throne de sang,B,2,Creature,Vampire,enabler,,sacrifice,aggro,
jardin de khalni,C,0,Land,,utility,,,ramp,utility
liliana heretical healer,B,3,Creature,Human Cleric,versatile,,graveyard transform,midrange,
abbaye du val d'orient,C,0,Land,,utility,,,control,utility
thrinax bourgeonnant,BRG,3,Creature,Lizard,payoff,,sacrifice token,midrange,
squelette réassemblable,B,2,Creature,Skeleton Warrior,enabler,,graveyard sacrifice,control,
terres sauvages,BRG,0,Land,,fixing,,,midrange,tapped
ranger sylvestre,G,2,Creature,Human Scout,tutor,,landfall,ramp,
flux d'essence,U,1,Instant,,bounce,,,tempo,
primordial diluvien,U,7,Creature,Avatar,finisher,,graveyard etb,control,
cuve de mimétisme,C,3,Artifact,,versatile,,clone,midrange,
vivid creek,C,0,Land,,fixing,,,control,tapped
mage reflector,WU,3,Creature,Merfolk Wizard,versatile,,blink,midrange,
thragtusk,G,5,Creature,Beast,finisher,lifelink,etb,midrange,
sower of temptation,U,4,Creature,Faerie Wizard,versatile,flying,tribal etb,control,
pestermite,U,3,Creature,Faerie Rogue,enabler,flash flying,tribal untap,combo,
tamiyo field researcher,GWU,4,Planeswalker,Tamiyo,versatile,,draw,control,
displace,U,2,Instant,,enabler,,blink,combo,
réplicant,C,8,Artifact Creature,Golem,removal,,artifact etb,control,
réplimancie vésuvéenne,U,4,Enchantment,,payoff,,spells,combo,
zénith de vertsoleil,G,1,Sorcery,,tutor,,ramp,ramp,
mystique à jabots,GU,4,Creature,Merfolk Wizard,counter,flash,tribal,control,
titan solaire,W,6,Creature,Giant,finisher,,graveyard etb,control,
ange solaire,W,6,Creature,Angel,wipe,flying,graveyard,control,
bulot puiseur,U,6,Creature,Elemental,counter,flash,blink,control,
projet gardien,G,4,Enchantment,,draw,,creature,midrange,
neoforme,GU,2,Sorcery,,tutor,,sacrifice,combo,
loaming shaman,G,3,Creature,Centaur Shaman,hate,,graveyard tribal,control,
mistmeadow witch,WU,2,Creature,Kithkin Wizard,enabler,,blink tribal,combo,
gardien de la foire,W,3,Creature,Human Soldier,versatile,,blink etb,midrange,
illusionist's stratagem,U,3,Instant,,draw,,blink,combo,
rallieur renégat,GW,3,Creature,Human Warrior,payoff,,graveyard etb,midrange,
aid from the crowd,G,5,Enchantment,,draw,,revolt,midrange,
seal of primordium,G,2,Enchantment,,removal,,,control,
fabronques,U,4,Creature,Illusion,finisher,flying,token,control,
kiora the crashing wave,GU,4,Planeswalker,Kiora,versatile,,ramp draw,midrange,
dignitaire cornepierre,W,4,Creature,Kor Cleric,hate,,etb taxe,control,
endless sands,C,0,Land,,utility,,,combo,utility
experte de l'aether,U,3,Creature,Vedalken Artificer,versatile,,artifact etb blink,midrange,
derevii tacticienne de l'empyrée,WUG,4,Creature,Bird Wizard,versatile,flying,untap,control,
elesh norn grand cenobite,W,7,Creature,Praetor,finisher,,anthem hate,control,
mur de résurgence,W,3,Creature,Wall,versatile,,graveyard etb,control,
léviathan de kederekt,U,8,Creature,Leviathan,finisher,,graveyard unearth,reanimator,
foudroyeur de sorts,WU,3,Creature,Merfolk Wizard,counter,,tribal,control,
géant du ondou,G,4,Creature,Giant Warrior,ramp,,tribal landfall,ramp,
mimique progéniteur,GU,6,Creature,Shapeshifter,payoff,,clone etb,midrange,
cachet de simic,C,2,Artifact,,ramp,,draw,ramp,
venser the sojourner,WU,5,Planeswalker,Venser,versatile,,blink,control,
prime speaker vannifar,GU,4,Creature,Elf Ooze Wizard,tutor,,sacrifice tribal,combo,
cachet de selesnya,C,2,Artifact,,ramp,,draw,ramp,
fierce empath,G,3,Creature,Elf,tutor,,tribal,combo,
lavinia of the tenth,WU,5,Creature,Human Soldier,hate,,etb,control,
promontoires peints,C,0,Land,,fixing,,,control,tapped
shimmering grotto,C,0,Land,,fixing,,,control,utility
outil d'amélioration,C,3,Artifact,Equipment,versatile,,equipment counters,midrange,
slimefoot the stowaway,BG,3,Creature,Fungus,payoff,,token sacrifice,midrange,
scorpion de bala ged,BG,5,Creature,Insect,finisher,deathtouch,landfall,midrange,
thallid omnivore,BG,3,Creature,Fungus,payoff,,sacrifice token,midrange,
précepteur démoniaque,B,2,Creature,Demon,tutor,,sacrifice,combo,
fungal infection,B,1,Instant,,removal,,token,control,
harsh scrutiny,B,1,Sorcery,,discard,,,control,
crisseur de la fonderie,C,2,Artifact Creature,Construct,enabler,,artifact,midrange,
brisants du navire de l'effroi,C,0,Land,,fixing,,,control,tapped
vivid marsh,C,0,Land,,fixing,,,control,tapped
borne frontière d'herbebrume,C,0,Land,,fixing,,,control,utility
stone quarry,RW,0,Land,,fixing,,,aggro,tapped
moraine frontale,RG,0,Land,Mountain Forest,fixing,,,aggro,tapped
nectar faerie,WU,3,Creature,Faerie Wizard,draw,flying,tribal,control,
charme de grixis,UBR,3,Instant,,versatile,,graveyard,midrange,
oeil maléfique d'urborg,B,4,Creature,Eye,finisher,flying,tribal,control,
orphe sortvage,BG,3,Creature,Shaman,versatile,,graveyard,midrange,
exploratrice quirionaise,G,2,Creature,Elf Scout,ramp,,tribal landfall,ramp,
skittering heartstopper,B,2,Creature,Insect,versatile,,sacrifice,aggro,
mire boa,G,2,Creature,Snake,finisher,,landfall,midrange,
torture,B,2,Enchantment,Aura,removal,,,control,
thallidé vitaspore,G,2,Creature,Fungus,utility,,token counters,midrange,
thallidé encoquillé,G,3,Creature,Fungus,enabler,,token,midrange,
aggressive urge,G,2,Instant,,trick,trample,pump,aggro,
feral prowler,G,2,Creature,Cat,enabler,,draw,tempo,
baleine volante à longues nageoires,U,8,Creature,Whale,finisher,flying,token,control,
charme de naya,RGW,3,Instant,,versatile,,token counters,midrange,
saison des récoltes,G,3,Sorcery,,ramp,,landfall,ramp,
aetherwind basker,G,7,Creature,Lizard,finisher,trample,counters,ramp,
moine de guerre rhox,G,5,Creature,Rhino Monk,finisher,trample lifelink,aggro,midrange,
reflet éblouissant,W,5,Creature,Spirit,finisher,flying,etb,control,
strix de la mer creuse,WU,2,Creature,Bird,evasion,flying,tribal,tempo,
windbrisk heights,C,0,Land,,utility,,,aggro,utility
thallid soothsayer,BG,4,Creature,Fungus,draw,,sacrifice token,midrange,
léopard des ruisseaux d'éther,G,4,Creature,Cat,finisher,trample,counters,aggro,
kudzu fouettevigne,G,2,Enchantment,Aura,removal,,landfall,control,
rivages inconnus,C,0,Land,,fixing,,,control,tapped
bosquet radieux,GW,0,Land,,fixing,,,midrange,tapped
multani yavimaya's avatar,G,6,Creature,Elemental Avatar,finisher,reach trample,graveyard landfall,ramp,
lige de la filandre,GB,2,Creature,Spirit,lord,,tribal,aggro,
séjourners de jund,BRG,5,Creature,Viashino Shaman,versatile,,cascade,midrange,
rescapé fippre,B,1,Creature,Frog,utility,,,tempo,
restrictions étouffantes,W,2,Enchantment,Aura,removal,,,control,
briarhorn,G,4,Creature,Elemental,trick,trample,etb,aggro,
sentinelle gargouille,WU,5,Creature,Gargoyle,finisher,flying,etb,control,
skittering monstrosity,B,5,Creature,Horror,finisher,,,control,
putrescence de relique,BG,2,Instant,,removal,,artifact,control,
compagnon de garruk,G,4,Creature,Beast,finisher,trample,token,midrange,
racleur de tombe,B,2,Creature,Zombie,enabler,,graveyard,control,
poids mort,B,1,Enchantment,Aura,removal,,,control,
glaneur d'os,B,1,Creature,Zombie,enabler,,graveyard,aggro,
fossoyeur,B,4,Creature,Zombie,payoff,,graveyard,control,
deathbloom thallid,BG,3,Creature,Fungus,payoff,,sacrifice token,midrange,
vivid crag,C,0,Land,,fixing,,,aggro,tapped
rongeurs de sanité,B,1,Creature,Rat,enabler,,discard,aggro,
puissance de l'ancienne krosia,G,3,Instant,,pump,trample,graveyard,aggro,
fouet d'érébos,B,4,Artifact,,payoff,lifelink,graveyard,midrange,
obélisque d'alara,C,3,Artifact,,ramp,,,ramp,
lunettes d'inventeur,U,1,Artifact,,draw,,,control,
fertiliseur de crânes,B,3,Creature,Zombie,enabler,,graveyard token,midrange,
conspiration troublante,B,3,Enchantment,,versatile,,tribal,combo,
blight keeper,B,2,Creature,Zombie,versatile,flying,aggro,aggro,
thallidé mortespore,BG,4,Creature,Fungus,finisher,,token sacrifice,midrange,
scuzzback marauders,RG,5,Creature,Goblin Warrior,finisher,,graveyard tribal,aggro,
appel au monde souterrain,B,2,Sorcery,,enabler,,graveyard,reanimator,
signature de sang,B,2,Sorcery,,draw,,discard,control,
rat colony,B,2,Creature,Rat,payoff,,tribal,aggro,
rats prospères,B,2,Creature,Rat,draw,,tribal,aggro,
dhund operative,B,2,Creature,Human Rogue,versatile,,tribal,aggro,
archer à l'arc épineux,BG,3,Creature,Elf Archer,removal,,tribal,midrange,
charme de minuit,B,2,Instant,,versatile,,discard,control,
terre contaminée,B,1,Enchantment,Aura,removal,,landfall,control,
fervent charge,RW,2,Enchantment,,anthem,first-strike,aggro,aggro,
fungal plots,BG,2,Enchantment,,payoff,,sacrifice token,midrange,
écorcheur de peau,B,2,Creature,Zombie,enabler,,graveyard,aggro,
équipage de canon à foudre,R,5,Creature,Goblin Warrior,removal,,tribal artifact,aggro,
salve de pyrocanon,R,3,Instant,,removal,,burn,aggro,
infestation de gremlins,R,4,Sorcery,,token,,artifact,midrange,
terreur de la foire,R,4,Creature,Gremlin,finisher,,artifact,aggro,
calciderme,W,4,Creature,Beast,finisher,,counters,midrange,
pacifisme,W,2,Enchantment,Aura,removal,,,control,
cocon primordial,G,4,Enchantment,,tutor,,creature,combo,
thallidé,G,1,Creature,Fungus,enabler,,token,midrange,
invocateur de fumerolle,R,3,Creature,Elemental,finisher,,cycling,aggro,
saproling migration,G,2,Sorcery,,token,,,midrange,
forgeur de carapaces,G,3,Creature,Elf Warrior,versatile,,tribal counters,midrange,
lent délabrement,BG,3,Instant,,removal,,,control,
sabotage jubilatoire,B,3,Sorcery,,discard,,,control,
nettoyage de printemps,G,2,Instant,,removal,,,control,
démolition,R,4,Sorcery,,removal,,artifact,control,
ravenous intruder,R,2,Creature,Gremlin,payoff,,artifact sacrifice,aggro,
larves prospères,G,2,Creature,Insect,enabler,,token,midrange,
puissance des masses,G,2,Sorcery,,pump,,tribal,aggro,
commandant d'embuscade,G,5,Creature,Elf Warrior,finisher,,tribal,midrange,
liliana vess,B,5,Planeswalker,Liliana,versatile,,discard tutor,control,
frères de bande d'ajani,GW,5,Creature,Cat Warrior,finisher,,token tribal,midrange,
thallidé germinateur,G,3,Creature,Fungus,enabler,,token,midrange,
dryade de bois noueux,G,2,Creature,Dryad,utility,,landfall,ramp,
chasseur chassé,BG,3,Creature,Elf Warrior,versatile,,tribal,midrange,
épouvantail brideleurre,G,3,Artifact Creature,Scarecrow,versatile,,tribal,midrange,
calice du hiérophante,G,4,Artifact,,payoff,,tribal,midrange,
début des festivités,W,3,Sorcery,,token,,,midrange,
borne frontière de feurustre,C,0,Land,,fixing,,,ramp,utility
mulldrifter,U,5,Creature,Elemental,draw,flying,etb,control,
kupferlinienschlucht,C,0,Land,,fixing,,,aggro,utility
charme de jund,BRG,3,Instant,,versatile,,removal,midrange,
balourd errant,R,2,Creature,Giant Warrior,versatile,,tribal,aggro,
rummaging goblin,R,3,Creature,Goblin Rogue,draw,,tribal,aggro,
goblin trailblazer,R,3,Creature,Goblin Warrior,evasion,,tribal,aggro,
makeshift munitions,R,2,Enchantment,,payoff,,sacrifice,aggro,
see red,R,3,Instant,,trick,first-strike,pump,aggro,
yavimaya sapherd,G,3,Creature,Human Druid,payoff,,token sacrifice,midrange,
sangbruyère,C,0,Land,,fixing,,,midrange,tapped
frilled sandwalla,G,1,Creature,Lizard,versatile,,cycling,aggro,
panorama de naya,C,0,Land,,fixing,,,midrange,tapped
mélancolie,B,2,Enchantment,,removal,,,control,
végétation luxuriante,G,3,Sorcery,,ramp,,landfall,ramp,
indolent brumeprairie,C,0,Land,,fixing,,,ramp,tapped
entangling trap,W,3,Instant,,removal,,tribal,control,
garde d'essence,G,2,Creature,Elf Druid,ramp,,tribal,ramp,
naturalisation,G,2,Instant,,removal,,,control,
chercheuse de verdure,G,1,Creature,Elf Scout,ramp,,tribal,ramp,
healing leaves,G,1,Instant,,utility,,lifelink,tempo,
juger indigne,W,3,Instant,,removal,,,control,
faucon de rutilance,W,2,Creature,Bird,evasion,flying,tribal,tempo,
extraction de l'éternité,GW,3,Instant,,removal,,graveyard,control,
charme d'évolution,GU,2,Instant,,versatile,,counters,tempo,
tomber à pic,G,2,Instant,,pump,reach,trick,aggro,
druidesse de l'anima,G,3,Creature,Elf Druid,ramp,,tribal,ramp,
bénédiction selon serra,W,2,Enchantment,Aura,pump,lifelink vigilance,protection,control,
champ de lumifilaments,W,2,Enchantment,,anthem,,,aggro,
charme de l'aube,GW,2,Instant,,versatile,,token,midrange,
rampart luxuriant,G,2,Enchantment,Aura,pump,reach,protection,control,
enveloppe de vigueur,G,2,Instant,,pump,,protection,aggro,
treetop bracers,G,1,Enchantment,Aura,pump,trample,aggro,aggro,
floraison estivale,G,2,Sorcery,,draw,,graveyard,control,
voeu d'utopie,G,3,Enchantment,Aura,pump,,protection,midrange,
fertile ground,G,2,Enchantment,Aura,ramp,,fixing,ramp,
toile d'aether,G,2,Instant,,utility,,protection,control,
village arboricole,G,1,Sorcery,,ramp,,landfall,ramp,
esprit de la chasse,G,2,Instant,,pump,,pump,aggro,
militante dryade,G,1,Creature,Dryad,versatile,,tribal,aggro,
sprout swarm,G,2,Instant,,token,,,combo,
chêne cimenuage,G,4,Creature,Treefolk,finisher,reach,tribal,midrange,
pouncing cheetah,G,3,Creature,Cat,finisher,,flash,aggro,
messe noire,BBB,4,Sorcery,,draw,,discard,control,
brainstorm,U,1,Instant,,cantrip,,draw,control,
fungal reaches,C,0,Land,,fixing,,,aggro,utility
marécage de bojuka,C,0,Land,,utility,,graveyard,control,utility
unknown shores,C,0,Land,,fixing,,,control,tapped
récolte précoce,G,3,Sorcery,,draw,,landfall,ramp,
shaper's sanctuary,G,2,Enchantment,,draw,,,midrange,
nightshade stinger,B,2,Creature,Faerie Rogue,evasion,flying,tribal,aggro,
favorable winds,U,2,Enchantment,,anthem,,tribal,aggro,
décret de multani,G,5,Sorcery,,tutor,,landfall,ramp,
anointer priest,W,2,Creature,Human Cleric,enabler,,token tribal,midrange,
maralen of the mornsong,B,3,Creature,Elf Wizard,tutor,,tribal,combo,
unclaimed territory,C,0,Land,,fixing,,tribal,tribal,utility
providence,W,6,Instant,,utility,lifelink,combo,control,
bénédiction de sigille,G,3,Sorcery,,pump,,counters,midrange,
balmor capitaine mage de bataille,UR,2,Creature,Bird Wizard,enabler,flying,spells tribal,aggro,
épreuve de solidarité,W,2,Enchantment,Aura,pump,,counters,aggro,
cartouche de solidarité,W,1,Enchantment,Aura,pump,first-strike,token,aggro,
outil d'observation,C,2,Artifact,,draw,,,control,
coatl ailé,WG,2,Creature,Snake,versatile,flying reach,tribal,tempo,
troupier éperonneur,W,4,Creature,Human Soldier,finisher,first-strike,tribal,aggro,
poussière de torpeur,G,2,Instant,,utility,,pump,tempo,
frappe-devant béhémoth,G,6,Creature,Beast,finisher,trample,etb,ramp,
dreamspoiler witches,B,3,Creature,Faerie Wizard,removal,flying,tribal,control,
resplendent griffin,W,4,Creature,Griffin,finisher,flying,tribal,aggro,
razorverge thicket,GW,0,Land,,fixing,,,midrange,fast
jardin de jetmir,RGW,0,Land,,fixing,,,midrange,tapped
borne de frontière de rustrerbe,C,0,Land,,fixing,,,ramp,utility
spirale de la nature,G,2,Sorcery,,removal,,graveyard,control,
retour à la nature,G,4,Instant,,removal,,artifact,control,
scrounging bandar,G,2,Creature,Cat Monkey,versatile,,counters,midrange,
bénédiction selon gaia,G,2,Sorcery,,pump,,token,midrange,
harmonie avec l'éther,G,4,Sorcery,,removal,,artifact,control,
médecine populaire,G,1,Instant,,utility,,lifelink,tempo,
aérain protégé,C,2,Artifact Creature,Construct,utility,,artifact,control,
familier de filigrane,U,2,Artifact Creature,Fox,draw,,artifact,control,
côte de chromemer,C,0,Land,,fixing,,,control,tapped
vivid meadow,C,0,Land,,fixing,,,control,tapped
dalles de trokair,C,0,Land,,fixing,,,control,tapped
panorama d'esper,C,0,Land,,fixing,,,control,tapped
drifting meadow,C,0,Land,,fixing,,,control,cycling
azor porteur de la loi,WU,6,Creature,Sphinx,finisher,flying,draw,control,
jhoira's familiar,U,4,Artifact Creature,Bird,utility,flying,artifact,control,
sphinx des cieux limpides,U,6,Creature,Sphinx,finisher,flying,draw,control,
najal le coureur de l'orage,UR,3,Creature,Human Wizard,versatile,,spells draw,tempo,
capitaine prééminent,WU,3,Creature,Azra Soldier,anthem,,tribal,aggro,
steppes de seijiri,C,0,Land,,fixing,,,control,tapped
gigatorpeur,BG,6,Creature,Beast,finisher,,cycling,midrange,
elvish branchbender,G,3,Creature,Elf Druid,enabler,,tribal landfall,ramp,
chêne aux bâtons de combat,G,4,Creature,Treefolk Warrior,finisher,,tribal,midrange,
survivre à la force des bras,G,2,Instant,,pump,trample,trick,aggro,
ombre d'araignée,G,3,Creature,Spider,utility,reach,tribal,control,
nacatl sauvage,G,1,Creature,Cat Warrior,versatile,,tribal,aggro,
tramelianes,G,1,Creature,Elf Druid,ramp,,tribal,ramp,
elfe de llanowar,G,1,Creature,Elf Druid,ramp,,tribal,ramp,
gremlins salivants,R,3,Creature,Gremlin,payoff,,artifact,aggro,
airaignée lanceuse de rets,G,3,Creature,Spider,finisher,reach,tribal,control,
pouncing jaguar,G,3,Creature,Cat,finisher,,flash,aggro,
piqûre de frelon,G,3,Instant,,pump,,flash,aggro,
thallidé tukalanguier,G,4,Creature,Fungus,enabler,,token,midrange,
elvish handservant,G,1,Creature,Elf Druid,utility,,tribal,tempo,
slivoïde virulent,G,2,Creature,Sliver,payoff,,tribal,aggro,
ancient animus,G,2,Instant,,removal,trample,tribal,control,
wren's run vanquisher,G,2,Creature,Elf Warrior,finisher,deathtouch,tribal,aggro,
veuve obscure juvénile,G,2,Creature,Spider,utility,reach,tribal,control,
saisir l'initiative,W,2,Instant,,trick,first-strike,counters,aggro,
reaper of the wilds,BG,4,Creature,Gorgon,finisher,deathtouch,graveyard,midrange,
hidden ancients,G,2,Enchantment,,payoff,,landfall,midrange,
banneret du bosquet,G,2,Creature,Elf Druid,utility,,tribal,tempo,
ours à fourrure cendrée,G,3,Creature,Bear,finisher,,tribal,aggro,
ours runegriffe,G,4,Creature,Bear,finisher,trample,tribal counters,midrange,
fléau des héros,BG,3,Enchantment,,removal,,counters,control,
mentor impérieux,W,2,Creature,Human Cleric,anthem,first-strike,tribal,aggro,
chêne noueux guerrier,G,6,Creature,Treefolk Warrior,finisher,,tribal,ramp,
vigile de trèfleval,G,2,Creature,Treefolk Druid,ramp,,tribal,ramp,
hamletback goliath,R,7,Creature,Giant Warrior,finisher,,tribal,ramp,
ligne ley de vitalité,G,4,Enchantment,,utility,,,ramp,
garde du verger,GW,4,Creature,Treefolk Shaman,finisher,,tribal,midrange,
stature sauvage,G,2,Instant,,pump,trample,trick,aggro,
tisseuse expéditive,G,2,Creature,Spider,utility,reach,tribal,control,
appel aux charognards,B,4,Instant,,draw,,sacrifice,control,
slivoïde instinctif,G,3,Creature,Sliver,enabler,,tribal,aggro,
thallidé sèmespore,G,2,Creature,Fungus,enabler,,token,midrange,
primarque kavru,G,4,Creature,Beast,finisher,trample,tribal,midrange,
thallidé sauvage,G,4,Creature,Fungus,finisher,,tribal,midrange,
doyen aux rameaux d'osier,G,5,Creature,Treefolk Shaman,finisher,,tribal token,midrange,
changelin piste-gibier,G,3,Creature,Shapeshifter,versatile,,tribal,midrange,
cohorte de la pomme sauvage,GW,3,Creature,Elf Warrior,versatile,,tribal token,midrange,
élémental de ronce,G,5,Creature,Elemental,finisher,trample,tribal,midrange,
guèpe de poussière géante,G,4,Creature,Insect,finisher,flying,tribal,aggro,
maro territorial,G,4,Creature,Elemental,finisher,,landfall,midrange,
scarmasaxe de la sixième bande,R,2,Creature,Goblin Warrior,versatile,,tribal,aggro,
scarabée de rouille,G,4,Creature,Insect,removal,,artifact,control,
seedguide ash,G,4,Creature,Treefolk Druid,finisher,reach,tribal,ramp,
chêne aux chromophores,G,3,Creature,Treefolk,finisher,,tribal,midrange,
shamane de l'écorce éternelle,G,3,Creature,Treefolk Shaman,utility,,tribal,midrange,
sporoloss ancien,G,5,Creature,Fungus,lord,,tribal token,midrange,
punaise embusquée géante,G,4,Creature,Insect,finisher,,tribal,aggro,
predatory rampage,G,4,Sorcery,,pump,,tribal,aggro,
verdeloss l'ancien,GW,8,Creature,Treefolk,finisher,,tribal token,ramp,
gaea's protector,G,5,Creature,Treefolk Warrior,finisher,,tribal,midrange,
capitaine aux sigilles,GW,3,Creature,Human Warrior,anthem,,tribal token,midrange,
trombe de feu,R,5,Sorcery,,removal,,burn,control,
brume de pollen,G,2,Instant,,utility,,protection,tempo,
wildgrowth walker,G,2,Creature,Elemental,payoff,,counters landfall,midrange,
fileuse de collet,G,2,Creature,Spider,utility,reach,tribal,control,
tisseuse de braises,G,2,Creature,Spider,utility,reach,tribal,control,
airaignée sporophore,G,4,Creature,Fungus Spider,enabler,reach,tribal token,midrange,
cradle guard,G,2,Creature,Treefolk,finisher,,tribal,aggro,
spidery grasp,G,3,Instant,,removal,reach,trick,control,
reclamation sage,G,3,Creature,Elf Shaman,removal,,tribal etb,midrange,
ronger jusqu'à l'os,B,3,Instant,,draw,,sacrifice,control,
spiked baloth,G,5,Creature,Beast,finisher,trample,tribal,aggro,
jet,C,0,Land,,fixing,,,control,basic
fanatical firebrand,R,1,Creature,Goblin Pirate,enabler,,tribal sacrifice,aggro,
coureur du gréement,UR,2,Creature,Goblin Pirate,draw,,tribal,tempo,
dryade de boiverreux,G,2,Creature,Dryad,utility,,tribal,tempo,
gilt-leaf ambush,G,3,Instant,,versatile,,tribal,tempo,
sauvagerie revigorée,G,3,Instant,,pump,trample,tribal,aggro,
mage feudefrouss,R,3,Creature,Goblin Wizard,enabler,,tribal spells,aggro,
gremlin ruineux,R,3,Creature,Gremlin,payoff,,artifact sacrifice,aggro,
défouissage,R,2,Sorcery,,removal,,artifact,control,
habitant de la rue de la fonderie,R,2,Creature,Human Artificer,payoff,,artifact,aggro,
casse-cou d'oxidda,R,4,Creature,Beast,finisher,,artifact,aggro,
guttersnipe,R,3,Creature,Goblin Shaman,payoff,,spells tribal,aggro,
renaissance de kuldotha,R,4,Sorcery,,token,,artifact,midrange,
gobelin sanguinaire,R,2,Creature,Goblin Berserker,versatile,,tribal sacrifice,aggro,
mudbutton torchrunner,R,3,Creature,Goblin Warrior,payoff,,tribal sacrifice,aggro,
banneret de lancegrenouille,R,2,Creature,Goblin Warrior,utility,,tribal,tempo,
goblin battle jester,R,4,Creature,Goblin,removal,,tribal,control,
jongleur de feu,R,3,Creature,Goblin Shaman,removal,,tribal,control,
gobelins vagabonds,R,3,Creature,Goblin,versatile,,tribal,aggro,
tunnelier gobelin,R,1,Creature,Goblin Rogue,enabler,,tribal,aggro,
mentor marquesang,R,3,Creature,Goblin Warrior,anthem,,tribal,aggro,
tower above,G,3,Sorcery,,pump,,tribal,aggro,
boggart à perruque d'araignées,R,3,Creature,Goblin Warrior,finisher,,tribal,aggro,
museleur vexatoire,R,4,Creature,Goblin Shaman,removal,,tribal,control,
pérégrin gobelin,R,2,Creature,Goblin Nomad,versatile,mountainwalk,tribal,aggro,
goblin chainwhirler,R,3,Creature,Goblin Warrior,removal,first-strike,tribal,aggro,
taillalfange de jund,RG,4,Creature,Goblin Berserker,finisher,,tribal,aggro,
duo de croquemiette,R,2,Creature,Goblin Warrior,versatile,,tribal sacrifice,aggro,
peppersmoke,B,1,Instant,,removal,,tribal,control,
rulik mons chef de terrier,R,6,Creature,Goblin Warrior,finisher,,tribal,ramp,
force brutale,R,1,Sorcery,,pump,menace,trick,aggro,
glaneur gobelin,R,2,Creature,Goblin Rogue,draw,,tribal,aggro,
stingscourger,R,3,Creature,Goblin Warrior,bounce,,tribal,tempo,
tarfire,R,1,Instant,,removal,,tribal burn,aggro,
bloodstone goblin,R,2,Creature,Goblin Warrior,versatile,,tribal counters,aggro,
incendiaire gobelin,R,2,Creature,Goblin Warrior,payoff,,tribal,aggro,
emberwilde augur,R,3,Creature,Goblin Shaman,draw,,tribal sacrifice,aggro,
éclaireur marduen,R,2,Creature,Goblin Scout,versatile,,tribal,aggro,
coureur de siège grotag,R,1,Creature,Goblin Berserker,versatile,,tribal,aggro,
coupeciel gobelin,R,2,Creature,Goblin Warrior,evasion,flying,tribal,aggro,
maréchal de guerre mogg,R,4,Creature,Goblin Warrior,lord,,tribal,aggro,
tar pitcher,R,4,Creature,Goblin Shaman,removal,,tribal,control,
trace de brûlure,R,2,Instant,,pump,trample,trick,aggro,
stagiaire sanguin,R,2,Creature,Goblin Wizard,draw,,tribal spells,aggro,
shamane à crécelle de guerre,R,2,Creature,Goblin Shaman,anthem,,tribal,aggro,
hungry spriggan,RG,3,Creature,Goblin Warrior,finisher,trample,tribal counters,aggro,
goatnapper,R,3,Creature,Goblin Rogue,versatile,,tribal,tempo,
arms dealer,R,3,Creature,Goblin Rogue,removal,,tribal sacrifice,control,
patron fouaillevapeur,UR,4,Creature,Goblin Wizard,lord,,tribal artifact,aggro,
sol'kanar le roi des marais,UBR,5,Creature,Demon,finisher,lifelink,tribal,midrange,
troll à la trique,G,3,Creature,Troll,versatile,,tribal,midrange,
troll moissonneur,G,2,Creature,Troll,versatile,,tribal,midrange,
bortuk oscrécelle,BG,3,Creature,Troll Warrior,finisher,,tribal graveyard,midrange,
squee goblin nabob,R,3,Creature,Goblin,enabler,,tribal graveyard,combo,
étoile chromatique,C,1,Artifact,,cantrip,,fixing,tempo,
géant tailleur de pierre,W,5,Creature,Giant,finisher,,tribal,midrange,
favor of the mighty,W,2,Enchantment,,utility,,tribal,control,
vizir des remèdes,W,2,Creature,Human Cleric,utility,,counters tribal,control,
ascensionniste céleste kor,W,3,Creature,Kor Soldier,finisher,flying,tribal,aggro,
chalice de marbre,C,3,Artifact,,draw,,,control,
pollen lullaby,W,2,Instant,,utility,,protection,tempo,
prétresse consécratice,W,2,Creature,Human Cleric,anthem,,tribal,midrange,
elixir d'immortalité,C,1,Artifact,,utility,,graveyard,control,
heartbeat of spring,G,3,Enchantment,,ramp,,,ramp,
ligne ley de force vitale,G,4,Enchantment,,payoff,,lifelink,midrange,
sakiko mère de l'été,G,6,Creature,Snake Shaman,finisher,trample,tribal ramp,ramp,
invocatrice aubegloire,W,4,Creature,Human Cleric,finisher,,tribal token,midrange,
cache de survie,G,2,Enchantment,,draw,,graveyard,control,
calme,G,2,Instant,,cantrip,,protection,tempo,
woodland guidance,G,4,Sorcery,,tutor,,graveyard,ramp,
destinée vivante,G,4,Sorcery,,pump,,tribal,aggro,
chameleon blur,G,3,Instant,,utility,,protection,tempo,
faucons coursiers,W,3,Creature,Bird,evasion,flying,tribal,tempo,
festin phosphorescent,G,3,Sorcery,,removal,,,control,
incremental growth,G,5,Sorcery,,pump,,counters,midrange,
piétineur à dos arboré,G,4,Creature,Beast,finisher,trample,tribal,aggro,
rayons solaires captifs,W,3,Enchantment,,removal,,,control,
thieving sprite,B,3,Creature,Faerie Rogue,discard,flying,tribal,tempo,
page d'étherium,U,2,Artifact Creature,Wizard,utility,flying,artifact tribal,tempo,
faerie tauntings,B,3,Enchantment,,payoff,,tribal,control,
léotau grison,W,4,Creature,Cat,finisher,,tribal,aggro,
vieux pâlécorce,G,5,Creature,Treefolk,finisher,,tribal,ramp,
récupération de rêve,GU,4,Instant,,draw,,graveyard,control,
compagnon d'adepte,U,2,Creature,Bird,utility,flying,tribal,tempo,
phalène au halo doré,W,2,Creature,Insect,utility,flying,tribal,tempo,
sanctuary cat,W,1,Creature,Cat,utility,,tribal,tempo,
chat sacré,W,1,Creature,Cat,utility,lifelink,tribal,tempo,
rayon de scission,W,2,Instant,,removal,,,control,
maître du banc de pierreruisseau,W,2,Creature,Human Wizard,anthem,,tribal,aggro,
avant-poste du vide rayonnant,C,0,Land,,utility,,,control,utility
boue mitotique,U,3,Enchantment,,enabler,,clone,combo,
souveraine ondine,UG,6,Creature,Merfolk,finisher,,tribal,ramp,
thada adel acquisitrice,U,3,Creature,Merfolk Rogue,versatile,,tribal artifact,tempo,
baral's expertise,U,5,Sorcery,,versatile,,bounce spells,control,
fathom seer,U,3,Creature,Merfolk Wizard,draw,,tribal,control,
rituel de scarification d'écaille,U,2,Sorcery,,draw,,discard,control,
fiole de l'alchimiste,C,1,Artifact,,utility,,sacrifice,tempo,
terrarion,C,1,Artifact,,cantrip,,fixing,tempo,
mage des haies neugle,G,4,Creature,Elf Wizard,finisher,,tribal spells,midrange,
tornade sauvage,G,6,Sorcery,,removal,,,control,
highland lake,C,0,Land,,fixing,,,control,tapped
vivid creek,C,0,Land,,fixing,,,control,tapped
wasp lancer,GW,3,Creature,Human Soldier,removal,first-strike,tribal,aggro,
experte de l'aether,U,3,Creature,Vedalken Artificer,versatile,,artifact etb,midrange,
harceleuse,W,3,Creature,Bird Soldier,evasion,flying,tribal,tempo,
panorama de bant,C,0,Land,,fixing,,,control,tapped
seafloor oracle,U,2,Creature,Merfolk Wizard,draw,,tribal,control,
deeproot elite,G,2,Creature,Merfolk Warrior,payoff,,tribal counters,aggro,
gobelin pourrissant,BR,2,Creature,Zombie Goblin,versatile,,tribal sacrifice,aggro,
siège-gang commander,R,5,Creature,Goblin,versatile,,tribal token,midrange,
rite de naissance boggart,R,5,Sorcery,,tutor,,tribal,combo,
coureur-boum gobelin,R,1,Creature,Goblin,enabler,,tribal sacrifice,aggro,
skirk prospector,R,1,Creature,Goblin,ramp,,tribal sacrifice,combo,
skwi monarque douteux,R,3,Creature,Goblin Noble,payoff,,tribal sacrifice,midrange,
desert of the mindful,C,0,Land,,fixing,,,control,cycling
détrousseur ondin,U,2,Creature,Merfolk Pirate,discard,,tribal,tempo,
woodland stream,C,0,Land,,fixing,,,midrange,tapped
marécage baigné de soleil,C,0,Land,,fixing,,,control,tapped
corrosion rampante,B,3,Enchantment,,removal,,artifact,control,
astrolabe d'étherium,U,1,Artifact,,cantrip,,fixing artifact,tempo,
miasmes étouffants,B,2,Sorcery,,removal,,discard,control,
homoncule curieux,U,1,Creature,Homunculus,draw,,artifact,tempo,
émergence des vagues,U,2,Sorcery,,tutor,,landfall,control,
cartouche of knowledge,U,2,Enchantment,Aura,draw,,cantrip,control,
peer through depths,U,2,Instant,,cantrip,,spells,control,
geist mercuriels,U,3,Creature,Spirit,versatile,flying,tribal graveyard,tempo,
marcheur du bosquet,GW,2,Creature,Dryad,ramp,,tribal,ramp,
broussaille,G,1,Sorcery,,ramp,,landfall,ramp,
fonderie de mishra,C,0,Land,,utility,,,control,utility
argoth sanctuaire de la nature,C,0,Land,,utility,,,ramp,utility
site de fouilles de tocasia,C,0,Land,,fixing,,,control,utility
grotte de cristal,C,0,Land,,fixing,,,control,tapped
pillarde de ruine,R,2,Creature,Goblin Artificer,payoff,,tribal artifact,aggro,
howltooth hollow,C,0,Land,,utility,,,control,utility
banshee hurlante,B,5,Creature,Spirit,finisher,flying,discard,control,
physalie,U,3,Creature,Jellyfish,finisher,flying,tribal,control,
boomerang,U,2,Instant,,bounce,,,tempo,
chercheur d'acier de sarinth,R,1,Creature,Human Artificer,utility,,artifact,tempo,
garde d'honneur de tomakul,W,2,Creature,Human Soldier,utility,,tribal artifact,tempo,
armure de boisblanc,G,3,Artifact,Equipment,protection,,,midrange,
gueulerasoir fouisseur,B,4,Creature,Wurm,finisher,first-strike,tribal,aggro,
opportuniste argothienne,R,2,Creature,Human Scout,draw,,artifact,tempo,
récolte inutile,B,2,Instant,,draw,,sacrifice,control,
descendre en flèche,W,4,Instant,,removal,flying,tribal,control,
recluse entasseuse,G,5,Creature,Spider,finisher,reach,tribal,control,
baloth tenace,G,5,Creature,Beast,finisher,trample,tribal,midrange,
coursière de gaia,G,2,Creature,Elemental,ramp,,tribal,ramp,
excavation fallaji,R,3,Sorcery,,draw,,discard,control,
porteur funéraire noueracine,BG,4,Creature,Treefolk,finisher,,tribal graveyard,midrange,
écrabouilleur gorge-de-fer,R,4,Creature,Wurm,finisher,,tribal cycling,aggro,
goliath de rouille,C,10,Artifact Creature,Construct,finisher,,artifact,ramp,
subjugation de la lithorpeur,W,4,Sorcery,,removal,,,control,
rokh de koïlos,W,4,Creature,Bird,finisher,flying,tribal,aggro,
messager de combat,W,3,Creature,Human Soldier,anthem,,tribal artifact,aggro,
défabrication,U,2,Instant,,removal,,artifact,control,
maréchal aérien,WU,3,Creature,Human Soldier,anthem,flying,tribal,aggro,
mécanicienne de mécanoptère,U,3,Creature,Human Artificer,payoff,,artifact,control,
rayon dispersant,U,3,Instant,,counter,,artifact,control,
hurkyl's recall,U,2,Instant,,bounce,,artifact,tempo,
leçon sévère,U,4,Instant,,counter,,draw,control,
hurkyl maîtresse sorcière,U,5,Creature,Human Artificer,versatile,,artifact spells,control,
rebuffade d'urza,U,2,Instant,,counter,,artifact,control,
urza prodige de lithoforce,WU,5,Creature,Human Artificer,versatile,,artifact,control,
animation de la lithopuissance,U,4,Instant,,payoff,,artifact,combo,
expert de lat-nam,U,2,Creature,Human Artificer,draw,,artifact,control,
gardienne de la cadence,R,2,Creature,Human Artificer,anthem,,artifact,aggro,
jetfire scientifique ingénieux,UR,3,Artifact Creature,Robot,draw,,artifact,midrange,
mécanoptère observateur,U,3,Artifact Creature,Thopter,draw,flying,artifact,control,
colosse grenadier sous-marin,U,7,Artifact Creature,Leviathan,finisher,,artifact,control,
métamorphe imposant,C,6,Artifact Creature,Shapeshifter,versatile,,artifact clone,midrange,
remords acablants,B,1,Sorcery,,discard,,,control,
douloureux dilemme,B,2,Sorcery,,discard,,,control,
moissonneur d'ashnod,B,2,Creature,Human Cleric,enabler,,sacrifice,combo,
infiltratrice gixienne,B,4,Creature,Phyrexian Assassin,versatile,,graveyard,tempo,
personne n'est abandonné,W,2,Instant,,utility,,graveyard,tempo,
avaleur de chair phyrexian,B,4,Creature,Phyrexian Horror,finisher,,graveyard sacrifice,midrange,
traxodémon,B,5,Creature,Phyrexian Demon,finisher,flying trample,sacrifice,aggro,
diabolique dessein,B,4,Sorcery,,draw,,discard,control,
furie de ferraille,R,2,Creature,Phyrexian Beast,versatile,,artifact sacrifice,aggro,
ashnod mécaniste de chair,B,2,Creature,Human Artificer,enabler,,sacrifice,combo,
instant de défiance,B,1,Instant,,removal,,sacrifice,control,
défiguration,B,1,Instant,,removal,,,control,
vermine rongeuse,B,3,Creature,Phyrexian Rat,versatile,,sacrifice,aggro,
griffe de dragage,B,2,Sorcery,,removal,,graveyard sacrifice,control,
soudure d'urgence,R,2,Instant,,utility,,artifact protection,tempo,
écorche-crânes gixienne,B,3,Creature,Phyrexian Wizard,versatile,,graveyard,midrange,
sauterelle charognarde,B,2,Creature,Insect,versatile,,sacrifice,aggro,
gigataupe vorace,BG,5,Creature,Mole Beast,finisher,,sacrifice,midrange,
marionnetiste gixien,B,5,Creature,Phyrexian Wizard,payoff,,sacrifice,combo,
rodeur des tranchées,B,2,Creature,Phyrexian Soldier,versatile,,sacrifice,aggro,
disciples de gix,B,3,Creature,Phyrexian Human Wizard,enabler,,sacrifice,combo,
hajar garde du corps loyal,RW,3,Creature,Human Soldier,anthem,,artifact tribal,aggro,
prédicateur de synthèse,W,3,Creature,Phyrexian Cleric,anthem,,artifact,aggro,
génie du dépotoir,U,3,Creature,Djinn,finisher,flying,artifact,control,
ingénieurs arbalestiers,W,3,Creature,Human Artificer,removal,,artifact tribal,control,
araignée pèche-ciel,G,3,Creature,Spider,utility,reach,tribal landfall,control,
porteuse de batteries,G,2,Creature,Elf Warrior,ramp,,tribal artifact,ramp,
urza prince de kroog,WU,2,Creature,Human Artificer,payoff,,artifact token,midrange,
mégatron tyran,WUBR,6,Artifact Creature,Robot,finisher,flying,artifact,control,
iconoclaste de la troisième voie,R,2,Creature,Phyrexian Goblin,removal,,artifact sacrifice,aggro,
scion d'ugin,C,6,Artifact Creature,Dragon Construct,finisher,flying,artifact,control,
gryff misérable,W,4,Creature,Hippogriff,finisher,flying,tribal,aggro,
écrabouilleur d'ulamog,C,8,Artifact Creature,Construct,finisher,,artifact sacrifice,ramp,
babiole de mishra,C,1,Artifact,,utility,,artifact,combo,
ornithoptère,C,0,Artifact Creature,Thopter,utility,flying,artifact,combo,
lanterne guide-âmes,C,1,Artifact,,utility,,graveyard,control,
meule,C,2,Artifact,,utility,,graveyard,control,
révocateur phyrexian,C,3,Artifact Creature,Phyrexian Cleric,removal,,artifact,control,
source de sanie,C,0,Land,,utility,,,control,utility
acier sculpteur,C,3,Artifact Creature,Shapeshifter,utility,,artifact,midrange,
pointe de quiétude,C,1,Artifact,Equipment,removal,,artifact,control,
puits des songes perdus,C,4,Artifact,,draw,,artifact,control,
cornucopée astrale,C,3,Artifact,,utility,,artifact counters,midrange,
commandement de mishra,C,4,Artifact,,versatile,,artifact,control,
djaggernaut de mishra,C,5,Artifact Creature,Juggernaut,finisher,,artifact,aggro,
automate à l'attaque-éclair,C,2,Artifact Creature,Construct,versatile,,artifact,aggro,
démolisseur poids lourd,C,6,Artifact Creature,Construct,finisher,,artifact,aggro,
survivante de korlis,W,2,Creature,Human Soldier,utility,,graveyard tribal,tempo,
avant-garde de phalange,W,2,Creature,Kor Soldier,anthem,,tribal,aggro,
désenchantement,W,2,Instant,,removal,,,control,
parachutiste embusqueur,W,3,Creature,Human Soldier,removal,first-strike,tribal,tempo,
sillage de calamité,W,3,Sorcery,,removal,,graveyard,control,
stone haven pilgrim,W,3,Creature,Kor Cleric,anthem,,tribal equipment,aggro,
aumônière aéroportée,W,3,Creature,Kor Cleric,utility,,tribal,tempo,
brancardière yotienne,W,4,Creature,Human Cleric,utility,,tribal,control,
élite du seigneur de guerre,W,2,Creature,Human Soldier,versatile,,tribal,aggro,
prospecteur du grand désert,W,3,Creature,Human Cleric,ramp,,tribal,ramp,
union de la troisème voie,W,4,Sorcery,,token,,,midrange,
commandement de kayla,WU,5,Sorcery,,versatile,,artifact token,control,
onulet de tocasia,W,2,Artifact Creature,Construct,utility,,artifact,tempo,
production de masse,W,6,Sorcery,,token,,artifact,midrange,
audace,G,2,Instant,,pump,trample,trick,aggro,
croissance gigantesque,G,2,Sorcery,,pump,,,aggro,
affrontement épique,G,2,Instant,,pump,,tribal,aggro,
scarabée à phlyctène,G,2,Creature,Insect,versatile,,tribal,aggro,
divest,B,1,Sorcery,,discard,,,control,
oratrice arboricole de joraga,G,3,Creature,Elf Cleric,draw,,tribal,midrange,
enter the unknown,G,2,Sorcery,,draw,,counters,midrange,
audacious infiltrator,W,2,Creature,Human Rogue,evasion,,tribal,aggro,
adventurous impulse,G,2,Sorcery,,cantrip,,creature,tempo,
gilt-leaf seer,G,2,Creature,Elf Shaman,cantrip,,tribal,tempo,
unbridled growth,G,1,Enchantment,Aura,cantrip,,fixing,tempo,
nature's claim,G,1,Instant,,removal,,,control,
aérostiers gobelins,R,3,Creature,Goblin Artificer,versatile,,tribal artifact,aggro,
natürliche beziehung,G,3,Sorcery,,ramp,,landfall,ramp,
moucheron d'airain,C,1,Artifact Creature,Insect,utility,flying,artifact,tempo,
baleine éthertidale,U,7,Creature,Whale,finisher,flying,tribal,control,
gardeciel de kemba,W,3,Creature,Cat Soldier,finisher,flying,tribal equipment,aggro,
le traité de brisengraine,BG,2,Enchantment,,versatile,,graveyard,midrange,
hersage,G,3,Sorcery,,ramp,,landfall,ramp,
blossom dryad,G,2,Creature,Dryad,ramp,,tribal,ramp,
gift of paradise,G,3,Enchantment,Aura,ramp,,fixing,ramp,
caught in the brights,W,3,Enchantment,Aura,removal,,,control,
oeuf de rokh,C,1,Artifact,,enabler,,sacrifice token,combo,
blinding fog,G,2,Instant,,utility,,protection,tempo,
grow from the ashes,R,3,Sorcery,,ramp,,landfall,ramp,
invoke the divine,W,2,Instant,,removal,,,control,
pavillon de brinbois,GW,0,Land,,fixing,,,midrange,tapped
mamba du fléau,BG,5,Creature,Snake,finisher,,tribal,midrange,
corrosive ooze,BG,3,Creature,Ooze,removal,,tribal,control,
sylvan echoes,G,3,Sorcery,,draw,,,control,
mycon d'utopie,GW,3,Creature,Fungus,versatile,,token,midrange,
ranger de linciel,W,2,Creature,Human Soldier,utility,,tribal,tempo,
outrider en-kor,W,2,Creature,Kor Rebel,utility,,tribal protection,tempo,
hurlegueule,RG,5,Creature,Beast,finisher,,cycling,aggro,
adjuration des guivres,G,5,Sorcery,,tutor,,landfall,ramp,
rajeunisseuse de cerf-orient,W,3,Creature,Kor Cleric,utility,,tribal,control,
thornwood witch,G,3,Creature,Elf Druid,utility,,tribal,midrange,
peuplier émondoir,GW,2,Creature,Treefolk,utility,,tribal,midrange,
territorial gorger,G,6,Creature,Beast,finisher,trample,tribal landfall,ramp,
trace d'abondance,G,1,Enchantment,Aura,ramp,,fixing,ramp,
brawl,R,4,Instant,,removal,,tribal,control,
fen hauler,B,7,Creature,Insect,finisher,,cycling,control,
wren's run packmaster,G,4,Creature,Elf Warrior,payoff,,tribal token,midrange,
vivid grove,C,0,Land,,fixing,,,ramp,tapped
pirate's pillage,R,4,Sorcery,,draw,,discard token,aggro,
halliers tranquilles,C,0,Land,,fixing,,,control,tapped
guidevoie satyre,G,2,Creature,Satyr,enabler,,graveyard etb,midrange,
éclaireur cuivrecorne,RG,2,Creature,Minotaur Scout,utility,,landfall tribal,aggro,
slime molding,G,2,Sorcery,,token,,,midrange,
sage of shaila's claim,G,2,Creature,Cat Druid,utility,,tribal,tempo,
judge of currents,W,2,Creature,Merfolk Wizard,payoff,,tribal,control,
siren's ruse,U,2,Instant,,utility,,blink,tempo,
bandar rusé,G,2,Creature,Cat Monkey,versatile,,counters,midrange,
pisteuse de llanowar,G,1,Creature,Elf Scout,ramp,,tribal,ramp,
piquier gobelin,R,2,Creature,Goblin Warrior,utility,first-strike,tribal,aggro,
harpoon sniper,W,3,Creature,Merfolk Archer,removal,,tribal,control,
moonglove extract,C,3,Artifact,,removal,,sacrifice,control,
crib swap,W,3,Instant,,removal,,tribal token,control,
shamane nantuko,G,3,Creature,Insect Shaman,enabler,,tribal graveyard,midrange,
sanglier moucheté,G,2,Creature,Boar,versatile,,tribal,aggro,
slivoïde à cataplasme,G,3,Creature,Sliver,removal,,tribal,control,
fistful of force,G,2,Instant,,pump,trample,tribal,aggro,
paradoxical outcome,U,4,Instant,,bounce,,artifact,tempo,
kopala warden of waves,U,3,Creature,Merfolk Wizard,hate,,tribal,control,
entassemanne,C,5,Artifact Creature,Construct,finisher,,artifact,aggro,
deny reality,UBR,5,Sorcery,,bounce,,cascade,tempo,
tempest djinn,U,3,Creature,Djinn,finisher,flying,tribal,aggro,
clique scietalent,U,4,Creature,Faerie Wizard,versatile,flying,tribal,control,
gavial des algues,U,4,Creature,Crocodile,finisher,,tribal,aggro,
creeping mold,G,4,Sorcery,,removal,,,control,
scion of oona,U,3,Creature,Faerie Soldier,lord,flying,tribal,aggro,
oona reine des faeries,UB,6,Creature,Faerie Wizard,finisher,flying,tribal,control,
cascading cataracts,C,0,Land,,fixing,,,ramp,utility
wydwen the biting gale,UB,4,Creature,Faerie Wizard,finisher,flying flash,tribal,control,
dryade quirionaise,G,2,Creature,Dryad,ramp,,tribal,ramp,
release the gremlins,R,1,Sorcery,,removal,,artifact token,control,
blighted bat,B,2,Creature,Bat,evasion,flying haste,tribal,aggro,
éclair d'intimidation,R,2,Instant,,removal,,burn,aggro,
offre demande,UR,3,Sorcery,,versatile,,bounce draw,tempo,
outil de combustion,C,1,Artifact,,utility,,sacrifice burn,aggro,
fiole d'ailleurs,C,2,Artifact,,utility,,sacrifice draw,tempo,
araignée accrocheuse,G,2,Creature,Spider,utility,reach,tribal,control,
faveur de la dryade,G,2,Instant,,pump,,trick,aggro,
mur de vignes,G,1,Creature,Plant Wall,utility,reach,tribal,control,
récupération,G,2,Sorcery,,removal,,graveyard,control,
tisseuse réputée,G,4,Creature,Spider,utility,reach,tribal,control,
puissance de gaia,G,2,Sorcery,,pump,trample,tribal,aggro,
état naturel,G,2,Instant,,removal,,,control,
brouillard,G,1,Instant,,utility,,protection,tempo,
envie d'artificiel,G,2,Instant,,removal,,artifact,control,
urne de naissance,C,3,Artifact,,utility,,token,combo,
porteur de kystes,B,2,Creature,Phyrexian Zombie,versatile,,sacrifice,aggro,
boa sinueux,G,2,Creature,Snake,versatile,,landfall tribal,midrange,
blaireau des marécages,BG,2,Creature,Badger,versatile,,tribal,aggro,
luxuriance,G,2,Sorcery,,ramp,,landfall,ramp,
druide éveilleur,G,4,Creature,Human Druid,ramp,,tribal landfall,ramp,
ombre de serpent,G,2,Creature,Snake,finisher,,landfall tribal,aggro,
réverbération de pensée,U,4,Sorcery,,draw,,graveyard,control,
léviathan de la houle,U,8,Creature,Leviathan,finisher,,tribal,ramp,
charme de piraterie,UBR,3,Instant,,versatile,,tribal,midrange,
don de granit,R,2,Enchantment,Aura,pump,,protection,aggro,
gardien du fléau,G,4,Creature,Treefolk Warrior,versatile,,tribal,midrange,
fontaine de fertilité,C,0,Land,,utility,,,control,utility
mycologue,G,2,Creature,Human Druid,token,,tribal,midrange,
missionnaire solitaire,W,3,Creature,Human Cleric,anthem,,tribal,aggro,
à la recherche de demain,G,3,Sorcery,,ramp,,landfall,ramp,
dub,W,2,Enchantment,Aura,pump,,,aggro,
culture,G,2,Instant,,draw,,sacrifice,control,
croissance luxuriante,G,2,Sorcery,,ramp,,landfall,ramp,
ravivement,G,2,Sorcery,,payoff,,graveyard,control,
dose revivifiante,G,4,Sorcery,,draw,,,control,
jardin tranquille,C,0,Land,,fixing,,,control,tapped
obsolescence naturelle,G,4,Sorcery,,removal,,artifact,control,
moisir,G,2,Instant,,removal,,,control,
bourgeonnement,G,1,Instant,,token,,,tempo,
cerveau en bocal,C,3,Artifact,,draw,,,control,
scarabée des dunes,C,2,Artifact Creature,Insect,utility,,artifact,aggro,
akroma angel of wrath,W,8,Creature,Angel,finisher,flying haste vigilance trample protection,protection,midrange,
imp's mischief,B,2,Instant,,counter,,spells,control,
pharaon vengeur,B,5,Creature,Zombie,payoff,,graveyard,midrange,
pyxide de pandémonium,C,1,Artifact,,chaos,,exile,control,
paria voldaren,R,1,Creature,Vampire,enabler,,sacrifice tribal,aggro,
norin le circonspect,R,1,Creature,Human Warrior,enabler,,etb chaos,combo,
teneb the harvester,WBG,6,Creature,Dragon,payoff,flying,graveyard,reanimator,
oath of ajani,GW,1,Enchantment,Oath,enabler,,planeswalkers counters,midrange,
effigie fragile,C,1,Artifact Creature,Golem,enabler,,artifact sacrifice,control,
magus of the vineyard,G,1,Creature,Human Wizard,ramp,,mana,ramp,
grafdigger's cage,C,1,Artifact,,hate,,graveyard tutor,control,
aiguille à sectionner,C,1,Artifact,,hate,,activated-abilities,control,
calice du vide,C,0,Artifact,,counter,,lock,control,
call for unity,W,4,Enchantment,,payoff,,counters,midrange,
diadème du point du jour,C,2,Artifact,,protection,,indestructible,midrange,
pluie d'entrailles,B,5,Sorcery,,removal,,,control,
réverbérer,R,2,Instant,,versatile,,spells copy,combo,
gonti's aether heart,C,6,Artifact,,finisher,,energy turns,combo,
explosifs artificiels,C,1,Artifact,,removal,,counters,control,
favor of the mighty,W,2,Enchantment,,protection,,legendary,tribal,
porteur du silence,W,2,Creature,Human Cleric,hate,,spells,control,
charognard des fonds marins,U,5,Creature,Crab,enabler,,graveyard mill,control,
orbe fléau des envoûteuses,C,3,Artifact,,hate,,enchantment planeswalker,control,
chute des titans,R,2,Instant,,removal,,burn surge,aggro,
battle at the bridge,B,1,Sorcery,,removal,,improvise lifegain,control,
animation module,C,1,Artifact,,enabler,,counters fabricate,midrange,
pyramide du panthéon,C,1,Artifact,,fixing,,mana,ramp,
bombe à rochet,C,4,Artifact,,wipe,,counters,control,
autorité des consuls,W,1,Enchantment,,hate,,etb lifegain,control,
stonehewer giant,W,5,Creature,Giant Warrior,tutor,,equipment tribal,voltron,
propagateur myr,C,3,Artifact Creature,Myr,enabler,,token artifact,midrange,
épée de la vengeance,C,3,Artifact,Equipment,finisher,,equipment counters,voltron,
carcasse mécanique combustible,C,1,Artifact Creature,Construct,enabler,haste,sacrifice,aggro,
ombres viscieuses,B,5,Creature,Horror,finisher,lifelink,artifact,control,
moissoneur de l'éthersphère,C,7,Creature,Construct,finisher,flying,artifact,midrange,
captain's hook,C,3,Artifact,Equipment,finisher,menace,equipment,aggro,
blood sun,R,3,Enchantment,,hate,,land,control,
runaway steam-kin,R,2,Creature,Elemental,enabler,,spells mana,aggro,
kozilek's return,R,3,Instant,,wipe,,eldrazi graveyard,control,
enchantresse de la mesa,GW,2,Creature,Human Druid,draw,,enchantment,control,
lightning angel,WUR,4,Creature,Angel,finisher,flying haste vigilance,,aggro,
mystique des ombres,B,2,Creature,Human Wizard,draw,,sacrifice,control,
nocturnus des abysses,B,4,Creature,Vampire,lord,flying,tribal,aggro,
forebear's blade,C,3,Artifact,Equipment,enabler,,equipment,voltron,
heart of kiran,C,2,Artifact,Vehicle,finisher,flying,vehicle planeswalker,aggro,
recrue solennelle,W,1,Creature,Human Soldier,versatile,lifelink,revolt,control,
lumière de condamnation,W,3,Enchantment,Aura,removal,,,control,
scion de la forêt,G,4,Creature,Treefolk,finisher,vigilance,landfall,midrange,
thaumatic compass,C,2,Artifact,,ramp,,transform,control,
griffon talion,W,2,Creature,Griffin,evasion,flying,revolt sacrifice,aggro,
saheeli rai,UR,3,Planeswalker,Saheeli,versatile,,artifact combo,combo,
felidar guardian,W,4,Creature,Cat Beast,enabler,,blink etb,combo,
silence,W,1,Instant,,hate,,spells,combo,
oracle's vault,C,4,Artifact,,draw,,counters,control,
hémorragie des pensées,B,2,Sorcery,,discard,,lifegain,control,
descente ricanante,B,4,Enchantment,,enabler,,graveyard mill lifegain,control,
nephilim géniteur des dunes,WUBRG,5,Creature,Nephilim,enabler,,token sacrifice,combo,
faux à strates,C,3,Artifact,,draw,,counters,control,
mage de l'abysse,B,4,Creature,Human Wizard,payoff,,graveyard,reanimator,
éruption cérébrale,B,2,Sorcery,,discard,,,control,
twinning glass,C,4,Artifact,,draw,,,control,
territorial allosaurus,G,4,Creature,Dinosaur,removal,,tribal fight,midrange,
whir of invention,U,3,Instant,,tutor,,artifact improvise,combo,
conservateur de mystères,U,4,Creature,Sphinx,draw,flying,,control,
fungal behemoth,G,4,Creature,Fungus,finisher,,counters,midrange,
cairn wanderer,B,5,Creature,Shapeshifter,versatile,,graveyard,midrange,
sengir nosferatu,B,5,Creature,Vampire,finisher,flying,tribal,midrange,
siphonneuse de la manche étincelante,U,4,Creature,Faerie Wizard,draw,flying,tribal,control,
couronne de convergence,C,2,Artifact,,draw,,,control,
endrek sahr master reproducteur,B,4,Creature,Human Wizard,enabler,,token sacrifice,combo,
vampire sengien,B,5,Creature,Vampire,finisher,flying,tribal,midrange,
phénix de magma,R,2,Creature,Phoenix,enabler,haste,graveyard tribal,aggro,
mirari,C,5,Artifact,,versatile,,spells copy,combo,
sylvin magnigoth,G,4,Creature,Treefolk,versatile,,regeneration tribal,midrange,
dragon entasseur,R,5,Creature,Dragon,draw,flying,tribal,midrange,
détournement de sort,U,2,Instant,,counter,,,control,
blinkmoth urn,C,5,Artifact,,ramp,,artifact,ramp,
là où marchent les anciens,G,4,Enchantment,,enabler,,token landfall,midrange,
genju du royaume,G,1,Enchantment,Aura,enabler,,land graveyard,aggro,
vulshok battlemaster,R,4,Creature,Human Warrior,finisher,haste,equipment tribal,voltron,
fortune thief,R,5,Creature,Human Rogue,combo,,life,combo,
aethergeode miner,W,2,Creature,Dwarf Scout,enabler,,energy blink,midrange,
étreinte verdoyante,G,3,Enchantment,Aura,finisher,,counters,voltron,
horreur turbide,B,5,Creature,Horror,finisher,flying,,control,
oath of teferi,WU,4,Enchantment,Oath,enabler,,planeswalker blink,control,
dragon shivân,R,6,Creature,Dragon,finisher,flying,tribal,midrange,
stitcher's graft,C,2,Artifact,Equipment,finisher,,equipment sacrifice,aggro,
un monde en guerre,R,4,Enchantment,,enabler,haste,,aggro,
maîtresse guérisseuse,W,5,Creature,Angel,finisher,flying,artifact lifegain,control,
ruée irrésistible,G,3,Sorcery,,pump,trample,,aggro,
fronderosh héros de la krosia,G,5,Creature,Elf Warrior,finisher,,tribal counters,midrange,
baru fist of krosa,G,4,Creature,Human Druid,finisher,,landfall counters,aggro,
verdict de tuquerelle,W,6,Sorcery,,wipe,,,control,
mage de l'arène,R,2,Creature,Human Wizard,removal,,sacrifice tribal,control,
horde of notions,WUBRG,5,Creature,Elemental,lord,vigilance trample haste,tribal graveyard,tribal,
évocation sauvage,G,5,Sorcery,,tutor,,creature,ramp,
démon de yaugzebul,B,6,Creature,Demon,finisher,flying,tribal,control,
sins of the past,B,6,Sorcery,,payoff,,graveyard spells,control,
nettlevine blight,B,4,Enchantment,Aura,hate,,land-destruction,control,
chronosavant,U,6,Creature,Giant,versatile,,turns tribal,combo,
rôdeur d'oona,UB,3,Creature,Faerie Rogue,lord,flash,tribal,tempo,
défi douteux,B,1,Sorcery,,discard,,,control,
visions de dépit,B,1,Sorcery,,discard,,draw,control,
éruption de monstruosités,R,3,Sorcery,,wipe,,burn,control,
fateful showdown,R,3,Instant,,removal,,burn draw,aggro,
mage du miroir,U,5,Creature,Human Wizard,versatile,,clone etb,control,
force verdoyante,G,4,Sorcery,,draw,,landfall,ramp,
démon de pestilence,B,8,Creature,Demon,wipe,flying,tribal,control,
flayer of the hatebound,BR,6,Creature,Devil,finisher,haste,graveyard etb,reanimator,
combat à mort,R,1,Instant,,removal,,fight,midrange,
extirpation,B,1,Instant,,hate,,graveyard,control,
gaddock teeg,GW,2,Creature,Kithkin Advisor,hate,,spells tribal,control,
en proie // désespoir,B // G,2 // 4,Sorcery // Sorcery,,versatile,,discard removal,control,
cataclysmic gearhulk,W,5,Artifact Creature,Construct,wipe,vigilance,artifact etb,control,
aethertide whale,U,6,Creature,Whale,finisher,flying,energy blink,midrange,
naban dean of iteration,U,2,Creature,Human Wizard,enabler,,tribal etb,combo,
escouflenfer ancien,R,6,Creature,Dragon,finisher,flying,tribal,midrange,
ultimatum claironnant,WUR,7,Sorcery,,tutor,,,combo,
lich's mastery,B,6,Enchantment,,combo,,lifegain,combo,
draco,C,16,Artifact Creature,Dragon,finisher,flying,domain tribal,ramp,
redirection,U,3,Instant,,versatile,,burn,control,
arbitre angélique,W,6,Creature,Angel,finisher,flying protection,tribal,control,
archonte vengeur,W,7,Creature,Archon,finisher,flying,tribal,control,
midnight entourage,B,4,Creature,Aetherborn Rogue,draw,,tribal,midrange,
yahenni partisan immortel,B,3,Creature,Aetherborn Vampire,finisher,,sacrifice tribal,aggro,
yahenni's expertise,B,4,Sorcery,,wipe,,,control,
force spectrale,W,5,Creature,Spirit,finisher,flying,token tribal,midrange,
nezahal primal tide,U,7,Creature,Dinosaur,finisher,protection draw,tribal,control,
custodi soulbinders,W,4,Creature,Human Cleric,enabler,,token monarch,control,
militia's pride,W,2,Enchantment,,enabler,,token,aggro,
garde de la maison dimir,UB,5,Creature,Skeleton,enabler,,graveyard mill,control,
syndicate trafficker,B,2,Creature,Aetherborn Rogue,enabler,,sacrifice artifact,aggro,
the mirari conjecture,U,5,Enchantment,Saga,payoff,,spells graveyard,control,
wild ricochet,R,3,Instant,,versatile,,spells copy,control,
djaggernut de sombracier,C,5,Artifact Creature,Juggernaut,finisher,indestructible,,aggro,
clé voltaïque,C,1,Artifact,,enabler,,artifact untap,combo,
rejet sommaire,U,2,Instant,,counter,,draw,control,
thélon de havrebois,BG,2,Creature,Elf Druid,lord,,tribal counters,tribal,
gardien des glyphes,C,3,Artifact Creature,Gargoyle,versatile,flying,,control,
tormod's crypt,C,0,Artifact,,hate,,graveyard,control,
révocation de l'existence,W,2,Instant,,removal,,exile,control,
génitrice dragonne,R,5,Creature,Dragon,enabler,,token tribal,tribal,
archiviste,U,2,Creature,Human Wizard,draw,,tribal,control,
griffe de dragon,C,2,Artifact,Equipment,finisher,,equipment counters,voltron,
coup de confiscation,U,6,Sorcery,,versatile,,theft,control,
marteleur électrostatique,C,3,Artifact Creature,Construct,removal,,artifact,aggro,
monstruosité de lathnu,R,6,Creature,Eldrazi,finisher,haste,tribal,aggro,
détritivore,R,4,Creature,Elemental,hate,trample,land-destruction tribal,control,
flashfreeze,U,2,Instant,,counter,,,control,
pont planaire,C,3,Artifact,,fixing,,mana,ramp,
meloku clouded mirror,U,5,Creature,Moonfolk Wizard,enabler,flying,token landfall tribal,control,
rampemuse,G,2,Creature,Beast,hate,protection,anti-flying tribal,midrange,
grim lavamancer,R,1,Creature,Human Wizard,removal,,graveyard burn tribal,aggro,
pentavus,C,7,Artifact Creature,Construct,enabler,,token counters artifact,midrange,
smother,B,2,Instant,,removal,,,control,
hour of devastation,R,5,Sorcery,,wipe,,,control,
source spirituelle,W,4,Enchantment,,enabler,,lifegain landfall,control,
épris selon le patricien,W,2,Creature,Vampire Soldier,versatile,lifelink,tribal,aggro,
paradox engine,C,5,Artifact,,enabler,,spells untap,combo,
consulate crackdown,W,5,Enchantment,,hate,,artifact exile,control,
demon of dark schemes,B,6,Creature,Demon,wipe,flying,energy graveyard tribal,control,
herald of secret streams,U,4,Creature,Merfolk Warrior,enabler,,counters tribal,aggro,
fléau éternel,B,1,Enchantment,,hate,,counters,control,
colfenor's urn,C,3,Artifact,,payoff,,graveyard,control,
prêtre du soleil levant,W,1,Creature,Human Cleric,ramp,,mana tribal,combo,
amnémancien rusé,U,3,Creature,Human Wizard,removal,,blink etb tribal,tempo,
aria de mayael,WRG,3,Enchantment,,enabler,,token,midrange,
intet le rêveur,URG,6,Creature,Dragon,versatile,flying,spells tribal,midrange,
obscure tutelle,B,3,Enchantment,,draw,,sacrifice,control,
guivre du charnier,B,5,Creature,Wurm,finisher,,graveyard tribal,midrange,
merieke ri berit,WUB,4,Creature,Human,versatile,,theft,control,
infiltrateur ombremage,UB,4,Creature,Human Ninja,draw,,tribal ninjutsu,tempo,
ascendance sultaï,UBG,3,Enchantment,,payoff,,graveyard delve,control,
ulrich of the krallenhorde,RG,5,Creature,Werewolf,lord,,tribal transform,tribal,
maître bibeloteur,U,3,Creature,Human Artificer,draw,,artifact tribal,control,
masse chimérique,C,4,Artifact,Equipment,finisher,,equipment counters,voltron,
zahid djinn of the lamp,U,6,Creature,Djinn,finisher,flying,artifact tribal,midrange,
drana chef de sang des kalastria,B,3,Creature,Vampire Ally,lord,flying first-strike,tribal counters,aggro,
commandement de dromoka,GW,2,Instant,,protection,,pump,midrange,
griffes de gix,C,0,Artifact,Equipment,draw,,equipment lifegain,aggro,
rite of belzenlok,B,4,Enchantment,Saga,enabler,,token saga tribal,midrange,
colfenor's plans,B,4,Enchantment,,draw,,exile,control,
prédicateur d'emrakul,B,3,Creature,Human Cleric,enabler,,sacrifice tribal,midrange,
sanctum seeker,B,4,Creature,Vampire Knight,payoff,lifelink,tribal lifegain,aggro,
dévastateur de la flotte implacable,B,7,Creature,Demon,finisher,trample lifelink,sacrifice tribal,midrange,
fell flagship,C,3,Artifact,Vehicle,finisher,,vehicle tribal,aggro,
tuktuk l'explorateur,R,3,Creature,Goblin,enabler,,token tribal,midrange,
daghatar l'inflexible,WBG,5,Creature,Human Warrior,versatile,vigilance,counters,midrange,
sphinge du vent d'acier,U,6,Creature,Sphinx,finisher,flying protection,tribal,control,
poigne krosiane,G,1,Instant,,pump,,regeneration,aggro,
burrenton forge tender,W,1,Creature,Kithkin Wizard,protection,,tribal sacrifice,control,
assembled alphas,R,6,Creature,Wolf,finisher,haste,tribal counters,aggro,
obzedat conseil fantôme,WB,5,Creature,Spirit Advisor,finisher,,lifegain blink tribal,control,
garnison de hanweir,R,3,Creature,Human Soldier,enabler,,token meld,aggro,
gladiateur cyclope,R,4,Creature,Cyclops Soldier,finisher,,tribal,midrange,
nihil spellbomb,C,1,Artifact,,hate,,graveyard draw,control,
cendres des abjects,W,1,Instant,,hate,,graveyard lifegain,control,
fiole de coeur d'ange,C,6,Artifact,,enabler,,lifegain,control,
freejam regent,R,6,Creature,Dragon,finisher,flying,artifact tribal,midrange,
couvoir orochi,G,4,Enchantment,,enabler,,token tribal,tribal,
hope of ghirapur,C,1,Artifact Creature,Thopter,hate,flying,artifact sacrifice,aggro,
démon carnifex,B,6,Creature,Demon,wipe,flying,counters tribal,control,
prêtresse du hall de sang,B,2,Creature,Human Cleric,draw,,lifegain sacrifice tribal,control,
éliminer la concurrence,B,4,Sorcery,,wipe,,sacrifice,control,
pia's revolution,R,2,Enchantment,,payoff,,artifact graveyard,aggro,
indomitable creativity,R,3,Sorcery,,versatile,,sacrifice polymorph,combo,
dragon souffleforge,R,4,Creature,Dragon,removal,flying,artifact tribal,midrange,
secret salvage,B,5,Sorcery,,tutor,,,combo,
angel of salvation,W,8,Creature,Angel,finisher,flying flash protection,convoke tribal,control,
greenwheel liberator,BG,2,Creature,Dwarf Warrior,finisher,,revolt tribal,aggro,
maîtriser la tempête,U,4,Instant,,draw,,,control,
brigid héroïne de kinsbayel,W,3,Creature,Kithkin Archer,removal,,tribal,control,
oath of liliana,B,3,Enchantment,Oath,enabler,,planeswalker token,midrange,
plieur d'esprit turgide,U,6,Creature,Sphinx,versatile,flying,spells theft tribal,control,
fumigation,W,5,Sorcery,,wipe,,lifegain,control,
niblis de gel,W,3,Creature,Spirit,removal,flying,tribal,tempo,
trapjaw tyrant,W,6,Creature,Dinosaur,removal,,tribal enrage,control,
expertise de rishkar,G,5,Sorcery,,pump,,,midrange,
herald of anguish,B,7,Artifact Creature,Demon,finisher,flying,artifact discard tribal,control,
purity,W,6,Creature,Elemental Incarnation,enabler,,lifegain tribal,control,
progenitus,WUBRG,10,Creature,Hydra Avatar,finisher,protection,tribal,ramp,
art de saheeli,UR,4,Sorcery,,draw,,token artifact,midrange,
baral chief of compliance,U,2,Creature,Human Wizard,enabler,,spells tribal,control,
séparateur d'âme,C,5,Artifact,,enabler,,blink,combo,
dragon ensorcelé,U,6,Creature,Dragon,finisher,flying protection,tribal,control,
rappel des éternités aveugles,U,3,Sorcery,,payoff,,graveyard spells,control,
quicksmith rebel,R,3,Creature,Human Artificer,removal,,artifact tribal,aggro,
chief of the foundry,C,3,Artifact Creature,Construct,lord,,artifact tribal,aggro,
démon de profanation,B,7,Creature,Demon,finisher,flying trample,tribal,midrange,
sanguine sacrament,W,1,Instant,,enabler,,lifegain,control,
évangélisation,W,4,Enchantment,,enabler,,token,aggro,
padeem consul of innovation,U,4,Creature,Vedalken Artificer,protection,,artifact draw tribal,control,
peacewalker colossus,C,3,Artifact,Vehicle,enabler,,vehicle,tribal,
interlude inquiétant,W,3,Sorcery,,wipe,,blink,control,
solemnity,W,3,Enchantment,,hate,,counters,control,
magma jet,R,2,Instant,,removal,,burn scry,aggro,
ligne ley de vertu,W,4,Enchantment,,protection,,hexproof,control,
release de gremlins,R,1,Sorcery,,removal,,artifact token,aggro,
prognostic sphinx,U,5,Creature,Sphinx,finisher,flying protection,scry tribal,control,
scrap walker,C,6,Artifact Creature,Construct,finisher,,artifact sacrifice,aggro,
ajani unyielding,GW,6,Planeswalker,Ajani,versatile,,removal,control,
conquête des landes,G,5,Sorcery,,tutor,,land,ramp,
vigor mortis,B,4,Sorcery,,payoff,,graveyard counters,reanimator,
soul of new phyrexia,C,6,Artifact Creature,Avatar,protection,,artifact,control,
bruna la lumière pâlissante,WU,6,Creature,Angel Horror,finisher,flying vigilance,aura meld tribal,voltron,
shadow of the grave,B,2,Instant,,payoff,,graveyard cycling,combo,
meddling mage,WU,2,Creature,Human Wizard,hate,,spells tribal,control,
souillure spirituelle,B,3,Enchantment,Aura,removal,,,control,
ghastlord of fugue,UB,5,Creature,Spirit Avatar,finisher,,discard tribal,control,
storm the vault,UR,4,Enchantment,,ramp,,artifact transform treasure,combo,
dardcoeur avemain,W,4,Creature,Bird Cleric,finisher,flying,counters tribal,midrange,
culling sun,W,5,Sorcery,,wipe,,convoke,control,
cytoshape,U,2,Instant,,versatile,,clone,tempo,
paladin de noeudevigne,W,4,Creature,Human Knight,finisher,vigilance,counters tribal,midrange,
kataki war's wage,W,2,Creature,Human Advisor,hate,,artifact tribal,control,
mastermind acquisition,B,4,Sorcery,,tutor,,,combo,
phyrexian scriptures,B,4,Enchantment,Saga,wipe,,artifact saga,control,
sword-point diplomacy,B,3,Sorcery,,draw,,,midrange,
azor's gateway,WU,2,Artifact,,draw,,transform,control,
radiant destiny,W,3,Enchantment,,lord,,tribal ascend,aggro,
paladin of atonement,W,2,Creature,Vampire Knight,finisher,,counters tribal,midrange,
galepowder mage,W,3,Creature,Kithkin Wizard,enabler,,blink tribal,combo,
dead man's chest,B,2,Enchantment,Aura,draw,,,control,
vona's hunger,B,3,Instant,,wipe,,sacrifice tribal ascend,control,
temple altisaur,W,5,Creature,Dinosaur,protection,,tribal,midrange,
tetzimoc primal death,B,6,Creature,Dinosaur,removal,,tribal,control,
slaughter the strong,W,3,Sorcery,,wipe,,,control,
siegehorn ceratops,G,3,Creature,Dinosaur,enabler,vigilance,counters tribal enrage,midrange,
heure de gloire,B,4,Sorcery,,removal,,,control,
masticore à queue en fusion,R,5,Creature,Dinosaur,removal,,tribal enrage,midrange,
form of the dinosaur,R,6,Enchantment,,versatile,,tribal,combo,
choc de mana,R,2,Sorcery,,ramp,,mana,aggro,
remède souillé,B,2,Instant,,removal,,graveyard,control,
kambal consul of allocation,WB,3,Creature,Human Advisor,payoff,,lifegain spells tribal,control,
brass's bounty,R,7,Sorcery,,ramp,,treasure,ramp,
goring ceratops,W,8,Creature,Dinosaur,finisher,,tribal,aggro,
sanctificateur d'âmes,W,2,Creature,Human Cleric,hate,,graveyard lifegain tribal,control,
greenbelt rampager,G,2,Creature,Elephant,finisher,trample,revolt energy tribal,aggro,
depala pilot exemplar,RW,2,Creature,Dwarf Pilot,lord,,vehicle tribal draw,aggro,
vona butcher of magan,WB,5,Creature,Vampire Knight,removal,vigilance lifelink,tribal,control,
angrath's marauders,R,7,Creature,Human Pirate,payoff,,burn tribal,aggro,
huatli warrior poet,RWG,5,Planeswalker,Huatli,versatile,,lifegain tribal,midrange,
arbre de la rédemption,G,4,Creature,Plant,combo,,lifegain,combo,
royaumes inexplorés,W,1,Enchantment,,ramp,,land,ramp,
knight of the reliquary,GW,3,Creature,Human Knight,tutor,vigilance,landfall tribal,midrange,
world shaper,G,4,Creature,Merfolk Shaman,payoff,trample,landfall graveyard tribal,midrange,
maga traitor to mortals,B,1,Creature,Human Wizard,finisher,,lifegain tribal,control,
tezzeret the schemer,UB,4,Planeswalker,Tezzeret,versatile,,artifact,control,
languish,B,4,Sorcery,,wipe,,,control,
axe de mortalité,C,4,Artifact,Equipment,versatile,,equipment,combo,
récolte précoce,G,3,Instant,,ramp,,untap,combo,
pierre psalmodiante,C,3,Artifact,,draw,,,control,
sandwurm convergence,G,8,Enchantment,,enabler,,token anti-flying,control,
wurmcoil engine,C,6,Artifact Creature,Phyrexian Wurm,finisher,,artifact token tribal,midrange,
melira proscrite sylvoke,G,2,Creature,Human Scout,hate,,counters tribal,combo,
bouche // nourrir, G,3 , Sorcery,,versatile,,fight token,midrange,
charognar avaleur de cadavres,B,6,Creature,Zombie Horror,finisher,,graveyard tribal,midrange,
profusion d'annulations,U,5,Enchantment,,draw,,,control,
traversée d'ulvenwald,G,1,Sorcery,,tutor,,graveyard,midrange,																										
sunrise sovereign
carapace du dernier kappa
heroic intervention
key to the city
vrilles d'angoisse
sceau chtonien
jarre à souder
springleaf drum
mox opal
pendelhavre
brigadier d'acier
llanowar revenue à la vie
canopée d'horizon
trône de geth
dévastateur entravarc
hangarback walker
blinkmoth nexus
anciens frémissements
travailleur entravarc
darksteel citadel
hardened scales
supplanteur eldrazi
cosse de gestation
immensité terramorphe
chord of calling
reboisement des régions reculées
momentary blink
déplacement
rempart mugissant
fiend hunter
changenuage
brago, king eternal
altar of dementia
serpent mystique
windswept heath
défricheuse de nuages
sakura-tribe elder
dauntless escort
beuglard des sylves
elfe des horizons lointains
simulacre solennel
bosquet innondé
chevalière de l'automne
coiling oracle
wall of blossoms
flooded strand
costa di yavimaya
saffi eriksdotter
wood elves
venser, shaper savant
cabinet du conjurateur
boue acide
ghostly flicker
reveillark
ange solaire
chambre de croissance des simic
galion doré
wooded bastion
citadelle maritime
dîme étouffante
asile de la chaîne de geier
deadeye navigator
jardin du temple
rishkar, peema renegade
éphémérer
riverwise augur
porte mystique
verger exotique
doublure
canaliseur d'éther
néoforme
growing rites of itlimoc
karmic guide
muse née des graines
ange de la sérénité
elvish visionary
glen elendra archmage
drakôn pèlerin
adjointe aux détentions
rajeunisseur elfe
berger des âmes
panharmonicon
cour de la chancellerie d'azorius
landes d'adarkar
sanctuaire de selesnya
alchemist's refuge
fontaine sacrée
chevalier de l'orchidée blanche
forteresse glaciaire
titan primitif
woodfall primus
nissa, vital force
hydre de l'apocalypse
raptor déchiqueteur
mortiers de mizzium
rite of passage
contreforts boisés
croissance luxuriante
béhémoth caveur de cratères
revendication de linciel
terastodon
confluence verdoyante
avenger of zendikar
assolement
kodama's reach
nissa, vastwood seer
search for tomorrow
goblin bombardment
jaya's immolating inferno
sakura-tribe elder
fiery confluence
ravin enragé
silverclad ferocidons
vigor
rampaging baloths
khalni heart expedition
sheltered thicket
pyrohemia
valakut, the molten pinnacle
babiole du voyageur
nissa, celle qui fait trembler le monde
molten disaster
ashling the pilgrim
wayward swordtooth
là où marchent les anciens
chemin sinueux
traversée des horizons
explorer
ancêtre à dos argenté
garenne au loup de kessig
stomping ground
culture
ranging raptors
scapeshift
pont de fangemousse
la fin de l'automne
déferlement de l'orage de guerre
chandra, meneuse de flammes
ruée irrésistible
rishkar's expertise
hersage
sylves gangrenées
explosive vegetation
chandra, torch of defiance
mina et denn, nés de la nature
courser of kruphix
oracle of mul daya
omnath, locus de rage
zone de déflagration
cinder glade
obscur confident
strix de la mer creuse
charme de golgari
mini dragonautes
guivre conscrite
gang du bélier boggart
enigma drake
boros swiftblade
aron, ruine de bénalia
bandemage qasali
raff, vaillant de l'aquilon
shapers of nature
orzhov pontiff
préparation // combat
spellbound dragon
rashmi, façonneuse des éternités
en proie // désespoir
déni de réalité
salve bitumineuse
call to the feast
dark intimidations
expressionniste élémentaire
tanazir quandrix
armadillo cloak
charme de boroswinding constrictor
oath of ajani
adeliz, the cider wind
relique de progenitus
étoile chromatique
inspiring sanctuary
treasure map
bolide d'évasion
sigille de distinction
lentille prismatique
blindage cranien
escouflenfer d'acier
skysovereign, consul flagship
hollow one
pincecrâne
cultivatrice de lames
thrun, le dernier troll
carcasse mécanique de verdure
vengeance de gaia
observateur de l'ulvenwald
primal command
nissa, vital force
colosse caméléon
masked admirers
obstinate baloth
entrancing melody
à armes égales
le déphasage de zhalfir
thoughtcast
domestication
enseignements mystiques
quicksmith spy
expert en temporalité
volute tisse-sort
oracle de porte des mers
smother
voyant de viscères
fragment d'os
dormeur activé
retour de l'effroi
maraudeur sacpeau
saccage coûteux
guérison de pharika
épreuve d'ambition
vigueur surnaturelle
undying evil
night's whisper
ravenous chupacabra
signature de sang
assassin royal
maîtresse des marionnettes
grille d'aether de ghirapur
orage de feu temporel
acte blasphématoire
brass's bounty
ryusei, l'étoile descendante
force destructrice
ashling, the pilgrim
nouveau-né insolent
infanterie électrostatique
régent de librefusion
quicksmith rebel
countryside crusher
phénix du feu du ciel
fêtard du hourvari
possibility storm
chandra nalaar
feu dévastateur
invocation de l'oiseau soleil
expérience de tête brûlée
salve zinguante
mogg fanatic
bûcher des moissons
pillage sans foi
arrestation
peine de prison
avaleur falkenrath
cerf aux ramures rayonnantes
ranger à la chèvre des nues
ralliement des rangs
lion à crinière blanche
contamineur de la foi
legion's landing
fairgrounds warden
kor skyfisher
avant-garde d'élite
alliance bénie
mangara of corondor
anafenza, esprit de l'arbre-parent
déclaration dans la pierre
salve d'éclats d'obus
retrouvailles cathartiques
